year	round	day	plotid	plant	VWC.sm	sla	trichome_density	water_content	survived	RGR	flowered
2018	1	164	1A	229	5.96	141.9889502762431	20.428015564202333	0.7431713373536715	1	2.005387761811628	0
2018	1	164	1A	237	5.96	160.74313408723748	214.07035175879398	0.7201627486437613	1	1.943758842398428	0
2018	1	164	1A	246	5.96	148.33333333333334	91.01123595505618	0.735216240070609	1		1
2018	1	164	1A	250	5.96	133.33333333333331	362.9032258064516	0.7452054794520548	1	1.9809784125795098	0
2018	1	164	1B	654	2.84	165.03937007874018	72.51908396946564	0.7282841249465127	0		0
2018	1	164	1B	657	2.84	195.9633027522936	315.54307116104866	0.7582076308784383	1		1
2018	1	164	1B	660	2.84	140.40219378427787	91.14583333333333	0.741003787878788	1	1.6899379800828167	0
2018	1	164	1B	684	2.84	135.4810238305384	246.2540716612378	0.7528898582333697	1		1
2018	1	164	1C	44	1.96	171.58774373259052	107.95454545454545	0.7247987734764277	0		0
2018	1	164	1C	49	1.96	173.2857142857143	225.88623248145095	0.7606837606837608	1	0.12667226601372572	0
2018	1	164	1C	60	1.96	170.0361010830325	199.57537154989384	0.7522361359570662	1	2.5144749702117486	0
2018	1	164	1C	67	1.96	170.53763440860217	199.24337957124843	0.7638395124428644	1		0
2018	1	164	1D	24	2.42	159.53124999999997	231.14593535749268	0.7235421166306696	1		0
2018	1	164	1D	27	2.42	144.15011037527594	218.98928024502297	0.7173166926677068	0		0
2018	1	164	1D	32	2.42	159.1011235955056	161.0169491525424	0.7441058079355952	0		0
2018	1	164	1D	5	2.42	174.5704467353952	296.25984251968504	0.7655116841257051	1		1
2018	1	164	2A	164	3.28	130.07159904534606	285.3211009174312	0.7137978142076503	1		0
2018	1	164	2A	176	3.28	167.3960612691466	67.97385620915033	0.7235329703569268	1		0
2018	1	164	2A	676	3.28	157.6086956521739	318.62068965517244	0.7654258031616522	1		0
2018	1	164	2A	92	3.28	191.38576779026218	43.05283757338552	0.7340637450199203	0		0
2018	1	164	2B	138	3.36	163.93939393939394	243.99260628465802	0.7467382962394473	1	1.3192041746439798	0
2018	1	164	2B	196	3.36	122.13541666666666	544.7761194029852	0.7202185792349727	0		0
2018	1	164	2B	90	3.36	124.64146023468058	285.5648535564854	0.7295486600846263	0		0
2018	1	164	2B	93	3.36	175.6818181818182	174.64424320827942	0.7780020181634711	1	1.0984192194395317	0
2018	1	164	2C	268	2.14	171.78770949720672	174.7967479674797	0.7667752442996743	1	0.5001681564967791	1
2018	1	164	2C	274	2.14	130.57471264367817	91.5492957746479	0.7147540983606557	1		0
2018	1	164	2C	282	2.14	121.47477360931435	194.88817891373802	0.6644965277777778	1	-0.20775421344882036	1
2018	1	164	2C	297	2.14	148.61821903787103	238.98071625344355	0.7278551532033426	0		0
2018	1	164	2D	194	4.24	130.82901554404145	389.1089108910891	0.727689594356261	1	1.448050248287744	0
2018	1	164	2D	196	4.24	152.51299826689774	165.9090909090909	0.7134343183511298	0		0
2018	1	164	2D	204	4.24	155.37974683544303	398.16700610997964	0.772005772005772	1	1.4031662636053497	0
2018	1	164	2D	211	4.24	138.50063532401526	225.6880733944954	0.7411184210526316	1		1
2018	1	164	3A	276	2.88	174.64788732394365	99.19354838709677	0.730550284629981	1	-1.1442054155263297	1
2018	1	164	3A	639	2.88	141.5938864628821	314.5720894371627	0.7139287945034353	0		0
2018	1	164	3A	650	2.88	168.73822975517893	189.73214285714286	0.7358208955223882	1		0
2018	1	164	3A	657	2.88	139.73856209150327	130.96351730589336	0.7281449893390192	1		0
2018	1	164	3B	608	2.6599999999999997	139.8139534883721	130.40585495675316	0.7528167394803404	1	1.0765915942747704	0
2018	1	164	3B	616	2.6599999999999997	153.55648535564853	247.9564032697548	0.7498255408234473	0		0
2018	1	164	3B	823	2.6599999999999997	127.30093071354706	274.5735174654752	0.7095223790928207	1		1
2018	1	164	3B	834	2.6599999999999997	155.80985915492957	64.40677966101696	0.7353215284249767	1	1.8047597836896927	0
2018	1	164	3C	139	4.5600000000000005	164.66809421841543	242.5227568270481	0.7188440698374473	1	1.8586366030188086	0
2018	1	164	3C	158	4.5600000000000005	181.88202247191012	22.393822393822393	0.7799072642967542	1	1.9297510194119485	0
2018	1	164	3C	170	4.5600000000000005	137.07742639040347	65.23468575974543	0.6844459738472126	1	0.5044404885708884	0
2018	1	164	3C	181	4.5600000000000005	147.3229706390328	239.15592028135993	0.6643478260869565	1	2.961530890485456	0
2018	1	164	3D	866	3.22	140.10624169986718	264.45497630331755	0.6875518672199171	0		0
2018	1	164	3D	869	3.22	142.51781472684084	298.33333333333337	0.7174496644295302	0		0
2018	1	164	3D	875	3.22	147.97687861271677	158.203125	0.7406296851574213	1		0
2018	1	164	3D	894	3.22	171.11111111111111	102.27272727272728	0.7503467406380028	1	-0.7510693317127479	0
2018	1	164	4A	104	4.46	144.3952802359882	52.09397344228805	0.7621052631578948	0		0
2018	1	164	4A	109	4.46	151.44596651445966	106.53266331658291	0.7336846372111877	1	3.3469987167759556	0
2018	1	164	4A	62	4.46	167.90322580645162	138.328530259366	0.7266313932980599	1		0
2018	1	164	4A	89	4.46	154.81239804241434	297.15489989462594	0.7381460914139256	1	2.644890676567018	1
2018	1	164	4B	172	2.1	159.35582822085888	112.6082771896054	0.7284464806330695	1		0
2018	1	164	4B	187	2.1	164.75195822454307	107.76545166402535	0.7482747288859678	1	-0.5441979080279915	0
2018	1	164	4B	190	2.1	162.06509539842872	139.196675900277	0.7475920679886685	1	0.6400038255298649	0
2018	1	164	4B	206	2.1	153.82374362709396	151.98863636363635	0.7434603886397608	1		0
2018	1	164	4C	107	2.416	170.79482439926065	169.91341991341992	0.7394026974951831	1		0
2018	1	164	4C	195	2.416	158.51755526658	240.36095159967184	0.7433244325767691	1	-1.2131521037231696	0
2018	1	164	4C	36	2.416	82.59615384615385	44.23748544819558	0.5191863153028202	1	-0.14241892800150308	1
2018	1	164	4C	630	2.416	132.95964125560536	162.73187183811132	0.7152888605170762	1	0.33633390038269706	0
2018	1	164	4D	30	2.14	177.15930902111324	89.92416034669556	0.7056497175141243	1	1.8779830368638644	0
2018	1	164	4D	39	2.14	163.5135135135135	280.3030303030303	0.7429811866859624			
2018	1	164	4D	51	2.14	210.6578947368421	206.1211742660837	0.739010989010989	1	-0.6910758887073051	0
2018	1	164	4D	56	2.14	162.41970021413277	370.4680290046144	0.7675460428073668	1	-1.4733624134857854	0
2018	1	164	5A	177	3.1999999999999997	153.2818532818533	177.58186397984886	0.7091521617069062	0		0
2018	1	164	5A	179	3.1999999999999997	134.8148148148148	207.22135007849292	0.7	1	3.579240275933452	1
2018	1	164	5A	191	3.1999999999999997	135.84474885844747	183.19327731092437	0.7155844155844155	1	-0.9994968310712149	0
2018	1	164	5A	192	3.1999999999999997	168.61111111111111	23.064250411861615	0.698744769874477	1	1.5247503859339377	0
2018	1	164	5B	1	2.54	126.57430730478589	352.2388059701493	0.7142857142857143	1		1
2018	1	164	5B	11	2.54	170.08849557522123	232.04994797086368	0.7583404619332764	1		0
2018	1	164	5B	24	2.54	141.57142857142856	114.02623612512613	0.7368421052631579			
2018	1	164	5B	298	2.54	134.89932885906038	220.89552238805973	0.7072691552062869	0		0
2018	1	164	5C	201	3.56	101.4814814814815	197.0802919708029	0.5914043583535109	1	0.7562040777327825	1
2018	1	164	5C	209	3.56	138.47758081334726	167.16867469879517	0.7312219730941704	1	-0.4211295309992491	1
2018	1	164	5C	214	3.56	137.8594249201278	212.05098493626883	0.7245930488341399	1	2.030812003697599	1
2018	1	164	5C	223	3.56	162.4390243902439	94.09409409409409	0.7561459159397304	1		0
2018	1	164	5D	246	3.94	138.018018018018	460.8355091383812	0.7597402597402597	1		1
2018	1	164	5D	262	3.94	123.56948228882834	221.60970231532525	0.7066346922462031	1		1
2018	1	164	5D	276	3.94	165.93939393939394	130.02191380569758	0.7615606936416185	0		0
2018	1	164	5D	286	3.94	124.94714587737843	196.27749576988157	0.6835061893609903	1		1
2018	1	164	6A	127	2.9819999999999998	125.87601078167116	334.0471092077088	0.7359430604982207	1	-0.3017383305001326	0
2018	1	164	6A	136	2.9819999999999998	117.46216530849824	109.01883052527256	0.7365030674846625	1	0.7613805450851422	0
2018	1	164	6A	156	2.9819999999999998	129.7979797979798	380.02594033722437	0.7004538577912254	1	0.7948748748430396	1
2018	1	164	6A	164	2.9819999999999998	110.1063829787234	253.62318840579712	0.7137419109250096	1	-1.8102835407884412	0
2018	1	164	6B	14	2.64	113.66336633663366	250.87108013937285	0.7313829787234043	1	1.2677934359664724	0
2018	1	164	6B	19	2.64	138.9908256880734	409.2409240924093	0.767590618336887	1	0.9125703187334507	0
2018	1	164	6B	2	2.64	116.84334511189635	237.90322580645162	0.6967857142857142	1		1
2018	1	164	6B	29	2.64	107.72900763358778	295.837023914969	0.7220896313975073	1	0.993837675597768	1
2018	1	164	6C	108	2.78	113.91625615763547	139.45945945945945	0.7210580556509791	1		1
2018	1	164	6C	112	2.78	108.97239263803682	216.7487684729064	0.7499520613614574	0		0
2018	1	164	6C	82	2.78	133.89610389610388	245.39282250242485	0.7225225225225225	0		0
2018	1	164	6C	92	2.78	121.92192192192192	242.61083743842363	0.7395385217051232	1	0.1453720894994647	0
2018	1	164	6D	40	4.7	116.51651651651652	262.88659793814435	0.7144082332761579	1		1
2018	1	164	6D	46	4.7	125.83586626139817	359.9033816425121	0.7044025157232705	1		0
2018	1	164	6D	50	4.7	107.92899408284025	325.6578947368421	0.7334384858044164	1		1
2018	1	164	6D	53	4.7	113.2118451025057	365.19114688128775	0.7546115148127446	0		0
2018	2	227	1A	229	2.8	93.67866549604915	51.54639175257732	0.7041558441558441	1	2.005387761811628	0
2018	2	227	1A	237	2.8	125.8888888888889	88.261253309797	0.7454031117397454	1	1.943758842398428	0
2018	2	227	1A	246	2.8	109.24369747899159	186.53846153846152	0.7146282973621103	1		1
2018	2	227	1A	250	2.8	95.89999999999999	179.35349322210638	0.7194950911640954	1	1.9809784125795098	0
2018	2	227	1B	657	1.38	101.63487738419619	501.34048257372655	0.6304128902316214	1		1
2018	2	227	1B	660	1.38	91.4252607184241	115.33586818757921	0.6423539162867798	1	1.6899379800828167	0
2018	2	227	1B	670	1.38	108.58895705521472	106.08913998744508	0.6130308625692429	1		1
2018	2	227	1B	684	1.38	94.85949280328991	169.07514450867052	0.6679563040509786	1		1
2018	2	227	1C	44	0.56	83.52941176470587	156.10328638497654	0.6097934200459066	0		0
2018	2	227	1C	49	0.56	108.67446393762184	123.76681614349776	0.650068212824011	1	0.12667226601372572	0
2018	2	227	1C	60	0.56	86.3594470046083	187.83351120597652	0.6174188998589561	1	2.5144749702117486	0
2018	2	227	1C	67	0.56	90.4517453798768	139.61407491486946	0.6658662092624356	1		0
2018	2	227	1D	24	0.9	103.03030303030303	297.79411764705884	0.6305970149253731	1		0
2018	2	227	1D	27	0.9	86.0430586488493	105.26315789473684	0.5753467843631778	0		0
2018	2	227	1D	32	0.9	100.27586206896551	137.5515818431912	0.6137453383058071	0		0
2018	2	227	1D	5	0.9	121.3946117274168	220.6266318537859	0.6536772777167947	1		1
2018	2	227	2A	164	1.78	82.39366963402573	268.9075630252101	0.6616465863453816	1		0
2018	2	227	2A	176	1.78	122.42503259452411	115.01597444089458	0.6915963007639727	1		0
2018	2	227	2A	676	1.78	102.19354838709678	160.35353535353534	0.6170948616600791	1		0
2018	2	227	2A	94	1.78	105.74018126888217	44.28571428571429	0.6404128191200434	1	-1.2853255487698234	0
2018	2	227	2B	138	1.46	98.87482419127988	209.10384068278807	0.6558567279767668	1	1.3192041746439798	0
2018	2	227	2B	196	1.46	96.36767976278725	251.53846153846152	0.702797973121833	0		0
2018	2	227	2B	90	1.46	118.02610114192497	152.72978576364892	0.7192580719029081	0		0
2018	2	227	2B	93	1.46	107.09169054441261	147.15719063545149	0.6814966917636323	1	1.0984192194395317	0
2018	2	227	2C	268	0.9	99.61722488038278	223.82324687800192	0.6688846641318124	1	0.5001681564967791	1
2018	2	227	2C	274	0.9	112.70491803278689	204.54545454545453	0.6776750330250991	1		0
2018	2	227	2C	282	0.9	102.72108843537416	113.90728476821192	0.5374449339207049	1	-0.20775421344882036	1
2018	2	227	2C	297	0.9	103.79939209726444	153.00146412884334	0.6469957081545065	0		0
2018	2	227	2D	194	2.42	95.01246882793018	139.10761154855643	0.6889061287820016	1	1.448050248287744	0
2018	2	227	2D	196	2.42	110.95132743362831	91.22632103688935	0.6935593220338984	0		0
2018	2	227	2D	204	2.42	120.15050167224081	117.60612386917188	0.7142857142857143	1	1.4031662636053497	0
2018	2	227	2D	211	2.42	118.46661170651278	61.93458594293667	0.7312209173498782	1		1
2018	2	227	3A	276	0.86	101.17216117216117	73.13540912382332	0.6348314606741572	1	-1.1442054155263297	1
2018	2	227	3A	639	0.86	98.99598393574297	216.02434077079107	0.6569066482948673	0		0
2018	2	227	3A	650	0.86	105.28905289052891	169.39252336448598	0.6045719844357976	1		0
2018	2	227	3A	657	0.86	101.8324607329843	66.83804627249357	0.6698357821953328	1		0
2018	2	227	3B	608	0.86	81.10344827586206	101.19047619047619	0.6754700089525515	1	1.0765915942747704	0
2018	2	227	3B	616	0.86	107.71604938271605	173.82999044890164	0.6969130028063611	0		0
2018	2	227	3B	823	0.86	84.49319213313161	236.34735899731425	0.5750562520090002	1		1
2018	2	227	3B	834	0.86	103.79346680716543	82.23350253807106	0.6860734369831294	1	1.8047597836896927	0
2018	2	227	3C	139	1.54	123.54349561053472	213.82428940568474	0.7348148148148148	1	1.8586366030188086	0
2018	2	227	3C	158	1.54	105.52147239263803	160.61046511627907	0.7036363636363636	1	1.9297510194119485	0
2018	2	227	3C	170	1.54	97.20893141945774	96.80065627563576	0.7024911032028469	1	0.5044404885708884	0
2018	2	227	3C	181	1.54	89.06250000000001	160.40100250626566	0.6042402826855124	1	2.961530890485456	0
2018	2	227	3D	866	1.5	107.3126142595978	201.02214650766612	0.6283967391304348	0		0
2018	2	227	3D	869	1.5	91.87082405345211	175.75757575757578	0.6584252567516166	0		0
2018	2	227	3D	875	1.5	94.23728813559323	127.69784172661869	0.6555750145942791	1		0
2018	2	227	3D	894	1.5	93.61702127659574	89.16083916083917	0.5500736377025037	1	-0.7510693317127479	0
2018	2	227	4A	104	3.3400000000000003	96.27659574468085	119.33701657458563	0.7352112676056338	0		0
2018	2	227	4A	109	3.3400000000000003	85.36144578313254	89.62597035991531	0.72822527832351025	1	3.3469987167759556	0
2018	2	227	4A	62	3.3400000000000003	96.6183574879227	68.33333333333334	0.678238341968912	1		0
2018	2	227	4A	89	3.3400000000000003	96.37618636755825	173.67949865711728	0.7103224193951512	1	2.644890676567018	1
2018	2	227	4B	172	2.16	103.16856780735108	184.2751842751843	0.6668074324324323	1		0
2018	2	227	4B	187	2.16	91.03392568659127	143.74445430346051	0.5958210904342148	1	-0.5441979080279915	0
2018	2	227	4B	190	2.16	110.57347670250896	154.7811993517018	0.7035856573705179	1	0.6400038255298649	0
2018	2	227	4B	206	2.16	91.02730819245774	127.14285714285715	0.611518060116191	1		0
2018	2	227	4C	107	1.98	97.83281733746131	224.68354430379748	0.6574761399787911	1		0
2018	2	227	4C	195	1.98	82.36173393124066	82.57713248638838	0.6715758468335787	1	-1.2131521037231696	0
2018	2	227	4C	36	1.98	84.7732181425486	303.8216560509554	0.6441882804995198	1	-0.14241892800150308	1
2018	2	227	4C	630	1.98	91.04220499569335	126.77388836329234	0.6465753424657533	1	0.33633390038269706	0
2018	2	227	4D	30	1.8199999999999998	105.46875	125.92592592592592	0.6342857142857143	1	1.8779830368638644	0
2018	2	227	4D	39	1.8199999999999998	81.88976377952756	341.7832167832168	0.6321748288572934			
2018	2	227	4D	51	1.8199999999999998	112.79373368146214	189.04320987654322	0.7263634198618719	1	-0.6910758887073051	0
2018	2	227	4D	56	1.8199999999999998	82.30871295886774	327.24341751746374	0.6697823864466189	1	-1.4733624134857854	0
2018	2	227	5A	171	2.32	122.88786482334869	46.25	0.7775499743721168	1		0
2018	2	227	5A	179	2.32	96.5062623599209	129.78142076502732	0.7003160806005531	1	3.579240275933452	1
2018	2	227	5A	191	2.32	93.91049156272928	160.15625	0.7076989062835085	1	-0.9994968310712149	0
2018	2	227	5A	192	2.32	114.33172302737519	25.35211267605634	0.6847715736040609	1	1.5247503859339377	0
2018	2	227	5B	1	3.18	98.58686616791354	165.26138279932547	0.6748648648648649	1		1
2018	2	227	5B	11	3.18	100.52137643378519	150.4149377593361	0.6726962457337884	1		0
2018	2	227	5B	24	3.18	99.00881057268724	66.74082313681869	0.6865723161891611			
2018	2	227	5B	298	3.18	97.15335169880625	16.06805293005671	0.6397618260006616	0		0
2018	2	227	5C	201	1.92	102.47747747747748	91.20879120879121	0.6973415132924334	1	0.7562040777327825	1
2018	2	227	5C	209	1.92	98.13258636788048	70.40913415794482	0.6085526315789473	1	-0.4211295309992491	1
2018	2	227	5C	217	1.92	91.83976261127596	156.7043618739903	0.6428192898781134	1	0.9913083280275887	1
2018	2	227	5C	223	1.92	92.74809160305342	31.550068587105624	0.6384544618215271	1		0
2018	2	227	5D	246	1.6600000000000001	85.37271448663853	88.96210873146623	0.6619919182315189	1		1
2018	2	227	5D	262	1.6600000000000001	88.52061438965238	106.84931506849315	0.7011355399855038	1		1
2018	2	227	5D	276	1.6600000000000001	111.91489361702128	89.98732572877059	0.6916010498687664	0		0
2018	2	227	5D	286	1.6600000000000001	90.72085889570553	77.76838546069315	0.6460369163952225	1		1
2018	2	227	6A	127	2.06	104.25844346549192	294.3661971830986	0.6904545454545454	1	-0.3017383305001326	0
2018	2	227	6A	136	2.06	90.3225806451613	61.688311688311686	0.6613704071499503	1	0.7613805450851422	0
2018	2	227	6A	156	2.06	98.40881272949817	184.07960199004975	0.5987229862475442	1	0.7948748748430396	1
2018	2	227	6A	164	2.06	88.8888888888889	196.42857142857142	0.6488294314381271	1	-1.8102835407884412	0
2018	2	227	6B	14	2.06	91.2850812407681	182.84789644012946	0.6440588853838065	1	1.2677934359664724	0
2018	2	227	6B	19	2.06	112.11790393013099	136.31937682570594	0.6388012618296529	1	0.9125703187334507	0
2018	2	227	6B	2	2.06	95.1304347826087	177.3308957952468	0.6400625978090767	1		1
2018	2	227	6B	29	2.06	111.98288159771755	281.52866242038215	0.60662177328844	1	0.993837675597768	1
2018	2	227	6C	108	1.82	97.111299915038245	55.99300087489064	0.665719965918773	1		1
2018	2	227	6C	112	1.82	95.66929133858267	167.6954732510288	0.6627945569200133	0		0
2018	2	227	6C	82	1.82	103.75	107.50695088044486	0.6716135143669087	0		0
2018	2	227	6C	92	1.82	100.8893280632411	131.24387855044077	0.688135593220339	1	0.1453720894994647	0
2018	2	227	6D	40	2.34	100.51652892561984	57.55395683453238	0.7162122544708297	1		1
2018	2	227	6D	46	2.34	96.12612612612612	193.06466729147144	0.7003239740820735	1		0
2018	2	227	6D	50	2.34	85.37074148296593	118.9358372456964	0.6735717400784997	1		1
2018	2	227	6D	53	2.34	102.95527156549521	141.97051978277736	0.7143509012092175	0		0
2019	1	182	1A	227	11.18	163.76360808709174	142.45014245014247	0.7730321214260502	1	-1.759064378148837	0
2019	1	182	1A	229	11.18	143.72246696035242	161.68582375478928	0.7913123419903471	0		0
2019	1	182	1A	230	11.18	177.3972602739726	107.46460746460747	0.7950397753860551	1		1
2019	1	182	1A	237	11.18	159.4963273871983	296.7105263157895	0.7855535553555355	0		0
2019	1	182	1A	242	11.18	151.6597510373444	158.68673050615595	0.7966816647919011	0		0
2019	1	182	1A	243	11.18	137.53581661891116	4.166666666666667	0.7971519907003778	1		1
2019	1	182	1A	246	11.18	212.90322580645162	154.04040404040404	0.8023379383634431	1		1
2019	1	182	1A	250	11.18	105.1436205744823	297.33163913595934	0.720656838962493	1		1
2019	1	182	1B	650	9.44	166.189111747851	190.51724137931035	0.8106861947382696	1		1
2019	1	182	1B	660	9.44	167.55218216318784	63.42015855039637	0.7766949152542373	1		0
2019	1	182	1B	662	9.44	187.30434782608694	85.42246982358404	0.7810357958872811	1		0
2019	1	182	1B	669	9.44	159.70149253731344	210.9479305740988	0.7644399799095932	1	-0.12594210505264397	0
2019	1	182	1B	677	9.44	182.80254777070064	87.10801393728224	0.7953953084274544			
2019	1	182	1C	46	7.9	192.05298013245033	56.32183908045977	0.820665083135392	1		1
2019	1	182	1C	49	7.9	113.56466876971608	0	0.7094408799266727	1	1.2510236682896543	0
2019	1	182	1C	53	7.9	199.26362297496317	170.7317073170732	0.7769382391590013	1	-0.24364389732039998	0
2019	1	182	1C	60	7.9	154.57799518247552	216.3334069299861	0.7875951528603281	1		1
2019	1	182	1C	67	7.9	114.72684085510689	306.41821946169773	0.8183779119930975	0		0
2019	1	182	1C	70	7.9	220.1923076923077	144.10480349344977	0.7886178861788617	1	-1.2195663392481386	0
2019	1	182	1D	12	8.02	130.62730627306271	49.43502824858757	0.81957390146471365	1		1
2019	1	182	1D	20	8.02	197.43589743589746	63.079777365491644	0.8035971223021583	1		1
2019	1	182	1D	24	8.02	143.83116883116884	241.53498871331828	0.7972350230414746	1		1
2019	1	182	1D	37	8.02	165.97633136094674	26.7379679144385	0.7711577522004063	1		1
2019	1	182	1D	4	8.02	154.09638554216866	67.24003127443315	0.8111919927206551	1		0
2019	1	182	2A	162	6.3	201.54946364719905	133.6487285629805	0.8160894344585707	0		0
2019	1	182	2A	164	6.3	227.3684210526316	212.96296296296296	0.798728813559322	0		0
2019	1	182	2A	176	6.3	220.91715853354395	25.08067101186024	0.8410579708780224	1		0
2019	1	182	2A	682	6.3	184.36482084690553	120.14134275618376	0.7807142857142857	0		0
2019	1	182	2A	685	6.3	138.98989898989896	170.05813953488374	0.7647338403041826	1		1
2019	1	182	2B	135	8.06	185.68548387096774	235.61346362649294	0.7943615257048093			
2019	1	182	2B	138	8.06	150.46456442907038	332.3658410732714	0.8118938759421657	1		1
2019	1	182	2B	181	8.06	203.77358490566036	229.79797979797982	0.7937013446567586			
2019	1	182	2B	182	8.06	153.80794701986756	190.52744886975242	0.7853589196872779	1	-1.508804738575668	0
2019	1	182	2B	93	8.06	133.91370174110523	323.91181458451103	0.781182706642372	1	-0.6362678236569869	0
2019	1	182	2C	271	8.12	143.5929648241206	152.23097112860893	0.7905263157894736	1		1
2019	1	182	2C	282	8.12	163.96971293640107	162.7177979609181	0.789260124669376	0		0
2019	1	182	2C	292	8.12	249.8850574712644	62.557497700092	0.8296789350039154	1		1
2019	1	182	2C	296	8.12	146.90265486725664	306.6265060240964	0.8053402239448751	1	-1.5310768818411524	0
2019	1	182	2D	183	11.3	184.5102505694761	91.35802469135803	0.7892462794047048	1	-0.7610597557812814	0
2019	1	182	2D	194	11.3	159.35828877005346	219.2393736017897	0.8128752501667779	1		1
2019	1	182	2D	204	11.3	125.6358087487284	632.3886639676113	0.806267244777296	1		1
2019	1	182	2D	210	11.3	170.79646017699116	138.74496257915945	0.8238961038961039	1		1
2019	1	182	2D	213	11.3	160.19955654101994	285.12110726643596	0.8082075271103552	0		0
2019	1	182	2D	215	11.3	147.57575757575756	422.99794661190964	0.7929086915594603	1	-1.0027193720289433	0
2019	1	182	3A	125	6.34	132.93051359516616	165.9090909090909	0.8121985815602837	1		1
2019	1	182	3A	276	6.34	210.66537134161257	87.8751455508395	0.8270243493595333	0		0
2019	1	182	3A	638	6.34	121.01341281669151	280.78817733990144	0.7858966177409061	1		1
2019	1	182	3A	655	6.34	159.3128390596745	395.00567536889895	0.777643747486932	0		0
2019	1	182	3A	657	6.34	178.94736842105266	47.05882352941176	0.7582697201017812	1		1
2019	1	182	3B	604	5.54	159.0984974958264	335.78174186778597	0.7859185132237313			
2019	1	182	3B	608	5.54	169.34782608695653	48.78048780487805	0.804005112910098	1	-1.3815180647287273	0
2019	1	182	3B	615	5.54	179.14438502673798	152.23880597014926	0.8213944603629417			
2019	1	182	3B	825	5.54	247.09302325581396	171.76470588235296	0.7892156862745098	1	-0.751724746148628	0
2019	1	182	3B	834	5.54	187.94326241134752	132.0754716981132	0.7752988047808765	1	-1.954597053120982	0
2019	1	182	3B	835	5.54	154.48113207547172	189.31297709923663	0.7958594126143476	1		0
2019	1	182	3C	123	7.2	140.81902245706738	338.64915572232644	0.7974852862493311	0		0
2019	1	182	3C	139	7.2	150.37313432835822	146.40198511166253	0.7859424920127795	1		1
2019	1	182	3C	158	7.2	193.99999999999997	103.09278350515464	0.8059508408796895	1		1
2019	1	182	3C	159	7.2	136.97270471464023	244.56521739130432	0.7581032412965187	1		1
2019	1	182	3C	160	7.2	157.61124121779858	63.893016344725105	0.7879841112214498	1	-1.973858690318524	0
2019	1	182	3C	169	7.2	145.08474576271186	14.018691588785048	0.7664291369754553	1		1
2019	1	182	3C	170	7.2	142.80155642023348	59.94550408719346	0.8188865398167724	0		0
2019	1	182	3C	181	7.2	144.6831364124597	242.01930215293245	0.7187311178247734	0		0
2019	1	182	3D	851	5.42	137.94749403341288	118.51211072664361	0.782957782957783	1		1
2019	1	182	3D	865	5.42	166.41975308641977	361.2759643916914	0.7962776659959757	1	0.6515105049989373	0
2019	1	182	3D	875	5.42	190.68627450980392	232.6478149100257	0.8083607327383748	1		1
2019	1	182	3D	883	5.42	161.1190817790531	284.95102404274263	0.8013679110857794	0		0
2019	1	182	3D	892	5.42	116.35610766045549	249.11032028469748	0.7764923646459971	1		1
2019	1	182	3D	894	5.42	154.07969639468692	193.34975369458127	0.8123219373219374	1		1
2019	1	182	4A	101	5.72	138.41698841698843	275.45327754532775	0.803378250142342	1		1
2019	1	182	4A	109	5.72	215.18151815181517	56.74846625766871	0.8191044776119403	1		1
2019	1	182	4A	113	5.72	131.76007866273355	181.34328358208955	0.7777534965034966	0		0
2019	1	182	4A	68	5.72	153.6697247706422	148.65671641791045	0.7943784191661951	1		1
2019	1	182	4A	97	5.72	151.67999999999998	358.6497890295359	0.7747747747747747	1	-0.8485452373594518	0
2019	1	182	4B	165_19	5.5	110.43478260869566	236.2204724409449	0.7722772277227723	0		0
2019	1	182	4B	172	5.5	140.17857142857144	6.369426751592357	0.7746478873239436			
2019	1	182	4B	178	5.5	121.0016155088853	295.7276368491322	0.7521521521521521	0		0
2019	1	182	4B	190	5.5	244.8027048145056	125.46336225233237	0.8062700025004694	1	-0.5082579546538272	0
2019	1	182	4B	206	5.5	222.4242424242424	92.64305177111717	0.8125	0		0
2019	1	182	4B	211	5.5	154.37731196054256	278.75399361022363	0.8042481293748491	1		1
2019	1	182	4C	107	5.64	196.89440993788818	107.25552050473186	0.7984981226533167	1		0
2019	1	182	4C	193	5.64	195.1374207188161	76.92307692307692	0.7914462081128748	1	1.015772019875543	0
2019	1	182	4C	195	5.64	169.74789915966386	26.402640264026402	0.7723214285714286	1		1
2019	1	182	4C	30	5.64	152.02702702702703	181.11111111111111	0.8115249920407513	0		0
2019	1	182	4C	36	5.64	161.4035087719298	105.73122529644269	0.8012048192771084	0		0
2019	1	182	4C	629	5.64	132.9443447037702	114.78730587440917	0.7949944792050055	1	-0.4770397701848683	0
2019	1	182	4C	630	5.64	124.3868733163069	137.39650623237193	0.7392396469789546	1	-2.281810527917933	0
2019	1	182	4D	30	5.16	173.2	57.736720554272516	0.8009395652520105	1	-0.23462751707110122	0
2019	1	182	4D	34	5.16	158.93719806763286	212.7659574468085	0.8248730964467006	0		0
2019	1	182	4D	47	5.16	116.50879566982408	283.39140534262486	0.7713490099009901	1		1
2019	1	182	4D	49	5.16	187.9120879120879	167.83625730994152	0.8240185650744536	1		1
2019	1	182	4D	51	5.16	185.39765319426337	75.24613220815753	0.7995295347621537	0		0
2019	1	182	4D	52	5.16	140.11173184357543	308.6124401913876	0.769091847265222	1		1
2019	1	182	4D	56	5.16	167.89115646258503	107.77957860615884	0.7996729354047425	0		0
2019	1	182	5A	178	6.86	133.82838283828383	172.62638717632552	0.7879636109167251	0		0
2019	1	182	5A	180	6.86	115.34828807556082	383.14568406687135	0.8169835782195333	1		1
2019	1	182	5A	185	6.86	144.38559322033896	306.6764490095378	0.8302463585686028	1		1
2019	1	182	5A	192	6.86	134.71074380165288	191.4110429447853	0.7900763358778626	0		0
2019	1	182	5A	200	6.86	168.1681681681682	180.35714285714283	0.8029585798816568	0		0
2019	1	182	5B	11	6.640000000000001	192.04545454545456	108.48126232741618	0.8365325077399381	0		0
2019	1	182	5B	16	6.640000000000001	183.23442136498517	203.23886639676113	0.7986857825567504	1		1
2019	1	182	5B	20	6.640000000000001	163.28331862312447	187.02702702702703	0.7972803721595992	1		1
2019	1	182	5B	296	6.640000000000001	179.9184505606524	185.83569405099152	0.8128576879053796	1		1
2019	1	182	5B	4	6.640000000000001	138.95131086142322	179.69451931716083	0.7985412474849095	1		1
2019	1	182	5C	209	4.9799999999999995	167.10526315789474	62.99212598425197	0.7432432432432432	0		0
2019	1	182	5C	212	4.9799999999999995	244.1919191919192	136.50465356773526	0.7913593256059009	1	0.6203273916755453	0
2019	1	182	5C	218	4.9799999999999995	201.42857142857142	148.29142488716957	0.8172323759791124	0		0
2019	1	182	5C	221	4.9799999999999995	168.4917355371901	252.60576333537708	0.8228728270814273	1		1
2019	1	182	5C	224	4.9799999999999995	173.32990750256937	181.73732582270975	0.8126143476167549	1		1
2019	1	182	5D	252	5.7	168.63270777479894	360.8903020667727	0.8312598959511422	1		1
2019	1	182	5D	253	5.7	214.1361256544503	122.24938875305622	0.8289552238805971	0		0
2019	1	182	5D	271	5.7	163.46153846153848	139.70588235294116	0.8245466048080978	1	1.5340460318164773	0
2019	1	182	5D	285	5.7	173.1958762886598	20.833333333333332	0.8178403755868544	1		0
2019	1	182	6A	127	4.96	186.28389154704942	147.26027397260276	0.7905111927831606	1	-4.549372005293154	0
2019	1	182	6A	128	4.96	170.49742710120069	210.261569416499	0.8022388059701492	1	0.7330660046841099	0
2019	1	182	6A	129	4.96	162.25626740947075	197.42489270386267	0.7878877400295421	1	0.09150068843925895	0
2019	1	182	6A	136	4.96	106.92041522491348	58.25242718446602	0.770041774418142	1		1
2019	1	182	6A	150	4.96	177.38619676945666	187.91390728476821	0.773075641452849	1	0.6696678749897534	0
2019	1	182	6A	153	4.96	181.31539611360242	360.26380873866447	0.7933909820877084	0		0
2019	1	182	6A	164	4.96	140.45801526717557	89.67391304347827	0.792063492063492	1	2.3645864590077323	0
2019	1	182	6B	12	7.1000000000000005	156.68334524660472	330.2919708029197	0.8190168175937904	1		0
2019	1	182	6B	14	7.1000000000000005	137.02185792349724	154.53639082751747	0.7982359426681367	1		1
2019	1	182	6B	18	7.1000000000000005	166.31299734748012	97.28867623604465	0.8257855822550833	0		0
2019	1	182	6B	19	7.1000000000000005	129.71576637437772	375.2678358303262	0.8190822553736233			
2019	1	182	6B	22	7.1000000000000005	156.52173913043475	111.11111111111111	0.8022050716648291	1	-1.4484650538356316	0
2019	1	182	6C	104	6.38	236.88212927756655	86.67736757624398	0.7994662600076248	0		0
2019	1	182	6C	107	6.38	172.72024729520865	244.74272930648772	0.7948961800602314	0		0
2019	1	182	6C	115	6.38	156.45645645645646	135.31669865642993	0.7922645040548971	0		0
2019	1	182	6C	84	6.38	171.0633946830266	179.9163179916318	0.8053731343283583	0		0
2019	1	182	6C	92	6.38	127.63018065887354	94.92089925062447	0.8020614219604543	1	-0.8108407381503879	0
2019	1	182	6D	57	7.4799999999999995	155.2204176334107	104.6337817638266	0.7744046061240514	1	0.0807942816292801	0
2019	1	182	6D	59	7.4799999999999995	192.67326732673268	180.88386433710176	0.8200926255789099	1		1
2019	1	182	6D	68	7.4799999999999995	200.1769911504425	59.239610963748895	0.804970659302727	1		1
2019	1	182	6D	71	7.4799999999999995	168.59205776173286	201.28479657387578	0.7989840348330914	1		1
2019	2	210	1A	227	5.5		95.06172839506172		1	-1.759064378148837	0
2019	2	210	1A	230	5.5		246.4428002276608		1		1
2019	2	210	1A	242	5.5		148.41218405703177		0		0
2019	2	210	1A	243	5.5		110.88154269972452		1		1
2019	2	210	1B	650			53.941908713692946		1		1
2019	2	210	1B	662			39.4990366088632		1		0
2019	2	210	1B	669			177.83985102420854		1	-0.12594210505264397	0
2019	2	210	1B	677			28.460543337645536				
2019	2	210	1C	46			53.984575835475574		1		1
2019	2	210	1C	53			89.05013192612137		1	-0.24364389732039998	0
2019	2	210	1C	60			74.15990730011588		1		1
2019	2	210	1C	70			134.71502590673575		1	-1.2195663392481386	0
2019	2	210	1D	12	3.3		80.74195308237861		1		1
2019	2	210	1D	20	3.3		136.14457831325302		1		1
2019	2	210	1D	37	3.3		218.96162528216703		1		1
2019	2	210	1D	4	3.3		27.74018944519621		1		0
2019	2	210	2A	162	3.92		104.25633668101386		0		0
2019	2	210	2A	176	3.92		17.071908949818933		1		0
2019	2	210	2A	682	3.92		145.48126377663482		0		0
2019	2	210	2A	685	3.92		99.08256880733946		1		1
2019	2	210	2B	135	3.3		211.70520231213874				
2019	2	210	2B	138	3.3		249.79789814066288		1		1
2019	2	210	2B	181	3.3		193.93939393939394				
2019	2	210	2B	182	3.3		137.54940711462453		1	-1.508804738575668	0
2019	2	210	2C	271	3.2199999999999998		107.27163461538463		1		1
2019	2	210	2C	282	3.2199999999999998		74.33264887063655		0		0
2019	2	210	2C	292	3.2199999999999998		59.12930474333984		1		1
2019	2	210	2C	296	3.2199999999999998		138.35060838215412		1	-1.5310768818411524	0
2019	2	210	2D	183	5.52		58.54126679462572		1	-0.7610597557812814	0
2019	2	210	2D	210	5.52		73.14524555903867		1		1
2019	2	210	2D	213	5.52		83.2356389214537		0		0
2019	2	210	2D	215	5.52		94.36555199267065		1	-1.0027193720289433	0
2019	2	210	3A	125	3.14		100.38363171355499		1		1
2019	2	210	3A	276	3.14		115.05681818181819		0		0
2019	2	210	3A	638	3.14		96.01259181532005		1		1
2019	2	210	3A	655	3.14		75.78947368421053		0		0
2019	2	210	3B	604	3.1999999999999997		138.87240356083086				
2019	2	210	3B	615	3.1999999999999997		142.58188824662813				
2019	2	210	3B	825	3.1999999999999997		106.34920634920636		1	-0.751724746148628	0
2019	2	210	3B	835	3.1999999999999997		69.50354609929079		1		0
2019	2	210	3C	123	5.3		102.58064516129032		0		0
2019	2	210	3C	159	5.3		108.77192982456141		1		1
2019	2	210	3C	160	5.3		72.86245353159852		1	-1.973858690318524	0
2019	2	210	3C	169	5.3		143.83561643835617		1		1
2019	2	210	3D	851	3.1		30.80082135523614		1		1
2019	2	210	3D	865	3.1		97.23546234509057		1	0.6515105049989373	0
2019	2	210	3D	883	3.1		30.920590302178496		0		0
2019	2	210	3D	892	3.1		66.56101426307448		1		1
2019	2	210	4A	101	4.3		47.70531400966184		1		1
2019	2	210	4A	113	4.3		58.894230769230774		0		0
2019	2	210	4A	68	4.3		115.65762004175365		1		1
2019	2	210	4A	97	4.3		134.2443729903537		1	-0.8485452373594518	0
2019	2	210	4B	165_19	2.6		22.397891963109355		0		0
2019	2	210	4B	178	2.6		79.21928817451206		0		0
2019	2	210	4B	190	2.6		114.00925536390409		1	-0.5082579546538272	0
2019	2	210	4B	211	2.6		74.91582491582491		1		1
2019	2	210	4C	193	3.96		129.62962962962962		1	1.015772019875543	0
2019	2	210	4C	30	3.96		188.4200196270854		0		0
2019	2	210	4C	629	3.96		66.34205721241631		1	-0.4770397701848683	0
2019	2	210	4C	630	3.96		106.74573758339511		1	-2.281810527917933	0
2019	2	210	4D	34	1.98		97.4155069582505		0		0
2019	2	210	4D	47	1.98		130.4785894206549		1		1
2019	2	210	4D	49	1.98		76.32183908045978		1		1
2019	2	210	4D	52	1.98		140		1		1
2019	2	210	5A	178	5.58		71.11501316944688		0		0
2019	2	210	5A	180	5.58		72.14285714285715		1		1
2019	2	210	5A	185	5.58		224.77440525020506		1		1
2019	2	210	5A	200	5.58		72.7699530516432		0		0
2019	2	210	5B	16	3.8000000000000003		79.87866531850354		1		1
2019	2	210	5B	20	3.8000000000000003		41.77807486631016		1		1
2019	2	210	5B	296	3.8000000000000003		66.56580937972768		1		1
2019	2	210	5B	4	3.8000000000000003		65.1872399445215		1		1
2019	2	210	5C	212	1.7		45.499505440158266		1	0.6203273916755453	0
2019	2	210	5C	218	1.7		56.42127888232133		0		0
2019	2	210	5C	221	1.7		93.812375249501		1		1
2019	2	210	5C	224	1.7		107.76053215077606		1		1
2019	2	210	5D	252	1.92		118.32061068702289		1		1
2019	2	210	5D	253	1.92		87.24832214765101		0		0
2019	2	210	5D	271	1.92		25.354969574036513		1	1.5340460318164773	0
2019	2	210	5D	285	1.92		153.24927255092146		1		0
2019	2	210	6A	128	3.68		60.83976006855184		1	0.7330660046841099	0
2019	2	210	6A	129	3.68		142.3728813559322		1	0.09150068843925895	0
2019	2	210	6A	150	3.68		176.41325536062377		1	0.6696678749897534	0
2019	2	210	6A	153	3.68		211.53846153846155		0		0
2019	2	210	6B	12	1.8		148.39034205231388		1		0
2019	2	210	6B	18	1.8		16.574585635359117		0		0
2019	2	210	6B	19	1.8		115.02347417840376				
2019	2	210	6B	22	1.8		105.26315789473685		1	-1.4484650538356316	0
2019	2	210	6C	104	3.12		59.051306873184906		0		0
2019	2	210	6C	107	3.12		169.5906432748538		0		0
2019	2	210	6C	84	3.12		138.80320789636028		0		0
2019	2	210	6D	57	4.4		37.8726833199033		1	0.0807942816292801	0
2019	2	210	6D	59	4.4		33.0188679245283		1		1
2019	2	210	6D	68	4.4		49.37163375224416		1		1
2019	2	210	6D	71	4.4		84.54810495626822		1		1
2020	1	169	1A	221	8.16	170	109.69793322734499	0.6799307958477508			
2020	1	169	1A	225	8.16	159.03890160183067	143.88489208633095	0.7051282051282052	1	0.17286927415018852	0
2020	1	169	1A	245	8.16	123.342939481268	108.64485981308411	0.6063528077141237	1	0.7486292999550821	0
2020	1	169	1A	249	8.16	147.28260869565216	47.97047970479705	0.7172131147540983	1	0.8521159671557865	0
2020	1	169	1B	647	7.56	164.8780487804878	76.92307692307692	0.7168508287292819	1	0.22044795925087857	0
2020	1	169	1B	659	7.56	138.8535031847134	55.04587155963303	0.6986564299424184	1	-0.5899669272418917	0
2020	1	169	1B	661	7.56	171.9020172910663	72.92539815590946	0.594626168224299	1		0
2020	1	169	1B	674	7.56	180	14.161220043572984	0.7442326980942828	1	-0.9338006182136634	0
2020	1	169	1C	49	5.5	208.95316804407713	54.71324983520106	0.7602377807133421	1		1
2020	1	169	1C	55	5.5	161.71243941841678	42.957042957042965	0.7428334025758205	1	0.04167791116057764	0
2020	1	169	1C	56	5.5	139.56043956043956	62.99212598425197	0.6459143968871596			
2020	1	169	1C	58	5.5	172.2408026755853	34.95145631067961	0.732078853046595	1	-2.759756209864936	0
2020	1	169	1D	16	5.8999999999999995	129.41176470588235	47.84688995215311	0.5382416011436741	1	-1.252604720487629	0
2020	1	169	1D	2_20	5.8999999999999995	128.71536523929473	87.08414872798434	0.756441717791411	0		0
2020	1	169	1D	39_20	5.8999999999999995	149.54773869346732	112.90322580645162	0.6838258659040356	0	0.7734779919658611	0
2020	1	169	1D	41	5.8999999999999995	169.65408805031444	73.2159406858202	0.7700650759219089	1	1.3389031604057466	0
2020	1	169	2A	176	5.46	172.62723521320493	48.605577689243034	0.7308404294705665	1	0.19161510772025012	0
2020	1	169	2B	131	5.0200000000000005	132.87272727272727	96.88013136288998	0.7019939315127872	1	1.213926297875296	0
2020	1	169	2B	137	5.0200000000000005	134.05405405405406	62.903225806451616	0.6925888999667663	1	-0.6981229919709052	0
2020	1	169	2B	187	5.0200000000000005	123.9212717638153	127.67257177764203	0.7165236051502146	0		0
2020	1	169	2B	93	5.0200000000000005	174.73757872638208	35.24229074889868	0.7365412979351033	1		1
2020	1	169	2C	261	5.38	160.29609690444147	14.273719563392106	0.5955362003266196	1	-3.0448727915882547	0
2020	1	169	2C	267	5.38	122.61306532663316	12.295081967213115	0.3995171997585999	0		0
2020	1	169	2C	284_20	5.38	159.30087390761548	36.83385579937304	0.5171790235081375	0	-3.0837718102798033	0
2020	1	169	2C	296	5.38	143.94829612220917	45.71428571428571	0.49102870813397126	1	-0.8038227938018325	0
2020	1	169	2D	184	6.56	168.1969394544245	20.174050632911392	0.6860246500940046	1		1
2020	1	169	2D	186	6.56	148.56661045531197	113.50737797956867	0.6536214953271027	1	0.28478551123292684	0
2020	1	169	2D	190	6.56	149.30693069306932	107.42705570291777	0.7478781827259112	1	1.1656167881900996	0
2020	1	169	2D	195	6.56	151.575456053068	33.91684901531728	0.7380538662033015	1	-0.12525201132632813	0
2020	1	169	3A	126_20	4.5	150.73529411764704	20.48780487804878	0.7167846730528946	0	-0.7314992487153862	0
2020	1	169	3A	637	4.5	113.72549019607843	170.49808429118772	0.44498186215235785	1	1.8749108535804095	0
2020	1	169	3A	645_20	4.5	143.23557237464522	44.91413474240423	0.49207111965401246	0	0.6573452710535976	0
2020	1	169	3A	650	4.5	130.55837563451777	22.55054432348367	0.6671172693477526	1	1.1398651194894585	0
2020	1	169	3B	608	4.94	130.9659090909091		0.6495769039323046	0		0
2020	1	169	3B	614	4.94	148.49315068493152	61.80811808118081	0.6937919463087248	0		0
2020	1	169	3B	834	4.94	151.46198830409358	19.305019305019304	0.752442996742671	0		0
2020	1	169	3B	837	4.94	141.86778593913957	53.25443786982248	0.7119975823511635	1	0.4289380379082181	0
2020	1	169	3C	155	7.92	141.2868632707775	62.618595825426944	0.572737686139748	1	0.8148124016369295	0
2020	1	169	3C	157	7.92	141.86335403726707	63.922942206654994	0.6201038225578103			
2020	1	169	3C	162	7.92	126.83896620278331	37.61755485893417	0.7514822134387352	1		1
2020	1	169	3D	845	6.42	165.5487804878049	119.70534069981584	0.5675675675675675	1	-0.7764124363132539	0
2020	1	169	3D	849	6.42	182.08955223880596	78.68852459016394	0.697653429602888	1	0.19540649023346687	0
2020	1	169	3D	890	6.42	133.83177570093457	67.0391061452514	0.58203125	1	-0.020639091059499907	0
2020	1	169	3D	891	6.42	178.98550724637684	167.34143049932524	0.6936736958934517	1		1
2020	1	169	4A	108	6.08	158.23429541595925	111.58798283261802	0.6109643328929988	1		1
2020	1	169	4A	79	6.08	105.16490354698195	34.319526627218934	0.45451459606245753			
2020	1	169	4A	92	6.08	136.67621776504296	87.00209643605871	0.6497742097340692	1	-0.09037693562812306	0
2020	1	169	4B	102	6.02	144.44444444444443	143.35664335664336	0.6912681912681913			
2020	1	169	4B	170_20	6.02	117.67100977198699	20.069204152249135	0.5453535727508331	0		0
2020	1	169	4B	171_20	6.02	207.60135135135138	17.08706265256306	0.6927867151011936	0		0
2020	1	169	4B	201_20	6.02	154.76510067114094	78.05724197745013	0.6994755949979832	0	1.3474956776595552	0
2020	1	169	4B	214	6.02	156.44283121597095	35.96287703016241	0.7122715404699739			
2020	1	169	4C	107	4.319999999999999	233.09608540925268	51.908396946564885	0.7175879396984924	1	0.41319206198636443	0
2020	1	169	4C	121	4.319999999999999	133.97260273972603		0.3399638336347197	1	0.29097494431512283	0
2020	1	169	4C	190	4.319999999999999	155.25114155251143	86.76470588235294	0.5676209279368213	1		1
2020	1	169	4C	193	4.319999999999999	182.86655683690282	36.93693693693693	0.7183294663573087	1	-0.2402797929856444	0
2020	1	169	4D	28	4.48	121.455938697318	76.76130389064143	0.4673469387755102	1	0.7098773422084116	0
2020	1	169	4D	30	4.48	116.00587371512482		0.3388349514563107	0		0
2020	1	169	4D	32	4.48	149.56217162872153	37.47072599531616	0.755982905982906	1	0.659351964645483	0
2020	1	169	4D	35	4.48	141.45810663764962	79.23076923076923	0.6618837380426784	0		0
2020	1	169	5B	10	4.96	170.1923076923077	33.89830508474576	0.731958762886598	1	1.0134454580037227	0
2020	1	169	5B	18	4.96	178.93601725377425	44.19445560466051	0.754673721340388	0		0
2020	1	169	5B	295	4.96	153.1734837799718	89.77900552486187	0.7457414380491304	1	-1.9411821232462734	0
2020	1	169	5B	7	4.96	161.13475177304963	44.8943661971831	0.7267441860465116	1		1
2020	1	169	5C	203	5.18	115.93137254901961	64.83439041578576	0.48441449031171024	1	-0.4885968271893471	0
2020	1	169	5C	223	5.18	134.53237410071944	21.390374331550802	0.4604037267080746	1		1
2020	1	169	5D	235	5.24	162.81800391389433		0.42325056433408575	1	0.3260494737810291	0
2020	1	169	5D	270_20	5.24	143.32460732984293	27.397260273972602	0.6358436606291705	0		0
2020	1	169	5D	271	5.24	163.6094674556213	16.877637130801688	0.6844070961718021	1	-1.019251438763456	0
2020	1	169	5D	285	5.24	144.42748091603053	158.56236786469344	0.6506666666666666	1	-0.6358394473831577	0
2020	1	169	6A	124	4.74	173.35423197492165	28.933092224231462	0.5873221216041397	1	-0.043466723951315865	0
2020	1	169	6A	134	4.74	227.22772277227722	61.00217864923747	0.7208016586040082	0		0
2020	1	169	6A	150	4.74	143.70139968895802	164.5021645021645	0.7299454010919781	1	-0.8474430054562898	0
2020	1	169	6A	168	4.74	145.77464788732394		0.4798534798534798	1	1.2461616772738253	0
2020	1	169	6B	22	4.2	133.93881453154876	52.81941470378301	0.5842607313195548	0		0
2020	1	169	6C	170	5.44	190.625	38.9344262295082	0.7601499063085572			
2020	1	169	6C	79	5.44	157.31191885038038	87.58731864588931	0.6704735376044568	1	0.517529646815306	0
2020	1	169	6C	82_20	5.44	232.9566854990584	25.869037995149554	0.7135922330097089	0		0
2020	1	169	6C	98	5.44	165.79520697167754	10.512483574244415	0.7133041848844472	1	1.6192806520762637	0
2020	1	169	6D	57	5.9	166.44844517184941	65.88003933136677	0.7159460715946071	1	-0.515298280627196	0
2020	1	169	6D	73	5.9	169.34900542495478	54.45808862786973	0.7510130571814498	1		1
2020	1	169	6D	81	5.9	238.39999999999998	20.134228187919465	0.7234513274336283	1		0
2020	2	209	1A	221	16.34	241.5458937198068	130	0.7587412587412588			
2020	2	209	1A	225	16.34	151.1059371362049	124.03697996918335	0.6747444149943204	1	0.17286927415018852	0
2020	2	209	1A	245	16.34	180.37825059101655	175.62254259501967	0.7533527696793002	1	0.7486292999550821	0
2020	2	209	1A	249	16.34	188.03418803418805	52.72727272727272	0.6704225352112675	1	0.8521159671557865	0
2020	2	209	1B	647	10.84	182.46346555323592	168.19221967963387	0.718400940623163	1	0.22044795925087857	0
2020	2	209	1B	659	10.84	181.51260504201682	162.03703703703704	0.6544046466602129	1	-0.5899669272418917	0
2020	2	209	1B	661	10.84	146.52049571020018	237.47560182173066	0.6934541203974284	1		0
2020	2	209	1B	674	10.84	199.54022988505747	89.86175115207374	0.6194225721784777	1	-0.9338006182136634	0
2020	2	209	1C	49	12.04	144.36363636363637	59.823677581863976	0.7054097482592394	1		1
2020	2	209	1C	55	12.04	170.0218818380744	87.51608751608751	0.6390205371248026	1	0.04167791116057764	0
2020	2	209	1C	56	12.04	113.01703163017032		0.60763723150358			
2020	2	209	1C	58	12.04	163.78504672897196	55.63480741797433	0.6679596586501163	1	-2.759756209864936	0
2020	2	209	1D	16	7.54	176.3803680981595	95.65217391304348	0.6081730769230769	1	-1.252604720487629	0
2020	2	209	1D	2_20	7.54	196.54576856649393	129.17398945518454	0.7328103368712505	0		0
2020	2	209	1D	39_20	7.54	120.4527712724434	146.46791963707065	0.6938336520076481	0	0.7734779919658611	0
2020	2	209	1D	41	7.54	173.29545454545456	104.91803278688525	0.6691729323308271	1	1.3389031604057466	0
2020	2	209	2A	176	10.36	163.05506216696273	53.37690631808279	0.7539335664335665	1	0.19161510772025012	0
2020	2	209	2A	95	10.36	153.87387387387386	124.12177985948477	0.6652593486127866	1	1.5588011514328837	0
2020	2	209	2A	99	10.36	161.7857142857143	152.31788079470198	0.6776050662061024		1.3106457016600876	
2020	2	209	2B	131	11.68	134.9041533546326	128.4783895796329	0.678974358974359	1	1.213926297875296	0
2020	2	209	2B	137	11.68	131.54034229828852	54.83271375464684	0.7233682786608049	1	-0.6981229919709052	0
2020	2	209	2B	187	11.68	162.55327584497965	192.6829268292683	0.715	0		0
2020	2	209	2B	93	11.68	155.7978196233895	138.676844783715	0.7218853362734289	1		1
2020	2	209	2C	261	5.58	139.42470389170896	46.116504854368934	0.5881533101045295	1	-3.0448727915882547	0
2020	2	209	2C	275_20	5.58	141.42640364188165	104.07725321888411	0.6544310435238595	0		0
2020	2	209	2C	284_20	5.58	141.46825396825395	89.06030855539973	0.6946379884883369	0	-3.0837718102798033	0
2020	2	209	2C	296	5.58	128.35587929240376	126.87474665585731	0.7005764137716155	1	-0.8038227938018325	0
2020	2	209	2D	184	16.66	153.83347073371806	43.40836012861736	0.7033504524333578	1		1
2020	2	209	2D	186	16.66	166.39676113360323	119.22141119221412	0.7630695443645084	1	0.28478551123292684	0
2020	2	209	2D	190	16.66	131.33333333333334	125.88832487309645	0.7182569496619083	1	1.1656167881900996	0
2020	2	209	2D	195	16.66	148.11490125673248	145.45454545454547	0.7402052238805971	1	-0.12525201132632813	0
2020	2	209	3A	126_20	6.68	150.1516683518706	85.52188552188552	0.7139965297860035	0	-0.7314992487153862	0
2020	2	209	3A	637	6.68	122.58469259723965	154.55475946775846	0.6362391602008215	1	1.8749108535804095	0
2020	2	209	3A	645_20	6.68	161.26482213438734	210.7843137254902	0.6796116504854369	0	0.6573452710535976	0
2020	2	209	3A	650	6.68	134.63324048282266	31.03448275862069	0.6925492435055666	1	1.1398651194894585	0
2020	2	209	3B	608	10.54	169.08396946564886	57.56207674943567	0.7575196668209163	0		0
2020	2	209	3B	614	10.54	166.66666666666666	105.03597122302159	0.7057163020465773	0		0
2020	2	209	3B	834	10.54	147.3378509196515	90.67017082785809	0.7085214446952596	0		0
2020	2	209	3B	837	10.54	152.58278145695363	12.152777777777779	0.7032232704402516	1	0.4289380379082181	0
2020	2	209	3C	155	12.959999999999999	180.11204481792717		0.7532826537664132	1	0.8148124016369295	0
2020	2	209	3C	162	12.959999999999999	137.6828982578678	117.60090389806038	0.7190292267767209	1		1
2020	2	209	3C	181_20	12.959999999999999	175.5056179775281	52.49679897567221	0.6888111888111889	0		0
2020	2	209	3D	845	10.76	150.72604065827684	43.67373153500321	0.7135330005546312	1	-0.7764124363132539	0
2020	2	209	3D	849	10.76	162.2950819672131	15.873015873015873	0.6600318471337578	1	0.19540649023346687	0
2020	2	209	3D	890	10.76	118.60655737704917	74.6371803731859	0.667574931880109	1	-0.020639091059499907	0
2020	2	209	3D	891	10.76	132.64604810996565	115.28497409326424	0.6874328678839958	1		1
2020	2	209	4A	102	14.9	125.73385518590997	72.37354085603113	0.6630398944939004	1		1
2020	2	209	4A	108	14.9	99.0757855822551	109.14179104477611	0.5281290885303096	1		1
2020	2	209	4A	79	14.9	110.13171225937182	57.957681692732294	0.6915625			
2020	2	209	4A	92	14.9	131.52639087018545	109.54446854663775	0.6032823995472554	1	-0.09037693562812306	0
2020	2	209	4B	170_20	9.02	95.87096774193549	37.68506056527591	0.6414526948878094	0		0
2020	2	209	4B	171_20	9.02	134.321223709369	11.387900355871887	0.657834478246647	0		0
2020	2	209	4B	201_20	9.02	128.3132530120482	47.61904761904761	0.5754475703324808	0	1.3474956776595552	0
2020	2	209	4B	214	9.02	145.07494646680942	61.254612546125465	0.6525297619047619			
2020	2	209	4C	107	10.66	181.44654088050314	76.25649913344888	0.6897560975609756	1	0.41319206198636443	0
2020	2	209	4C	121	10.66	153.84615384615384	11.538461538461538	0.6404255319148936	1	0.29097494431512283	0
2020	2	209	4C	190	10.66	162.26012793176974	108.40998685939553	0.724684473143528	1		1
2020	2	209	4C	193	10.66	135.59693318729464	35.54119547657512	0.6846286701208981	1	-0.2402797929856444	0
2020	2	209	4D	28	6.42	111.50684931506851	76.16707616707616	0.6730367273813078	1	0.7098773422084116	0
2020	2	209	4D	30	6.42	278.1362007168459	41.23711340206185	0.8014234875444839	0		0
2020	2	209	4D	32	6.42	96.80746561886052	48.19888381532217	0.6334833483348334	1	0.659351964645483	0
2020	2	209	4D	35	6.42	152.52659574468086	24.411508282476024	0.6520129569643685	0		0
2020	2	209	5A	197	14.82	141.95250659630608	85.50185873605948	0.5959488272921108	1	0.746136415032204	0
2020	2	209	5B	10	11.04	174.58628841607566	31.821259309410966	0.7195889956910839	1	1.0134454580037227	0
2020	2	209	5B	18	11.04	129.52941176470588	45.86739327883742	0.660203877673396	0		0
2020	2	209	5B	295	11.04	128.83895131086143	118.7015503875969	0.6467475192943771	1	-1.9411821232462734	0
2020	2	209	5B	7	11.04	157.07006369426753	47.0397404703974	0.654945054945055	1		1
2020	2	209	5C	203	8.9	130.126582278481	54.474708171206224	0.6032144650929181	1	-0.4885968271893471	0
2020	2	209	5C	223	8.9	138.72966692486443	17.86711334450028	0.6971616232699978	1		1
2020	2	209	5D	235	7.04	120.48192771084338	36.666666666666664	0.7306166606563289	1	0.3260494737810291	0
2020	2	209	5D	270_20	7.04	183.95989974937345	61.30790190735695	0.7213687150837989	0		0
2020	2	209	5D	271	7.04	140.70422535211267	48.048048048048045	0.710204081632653	1	-1.019251438763456	0
2020	2	209	5D	285	7.04	104.58958517210945	118.9873417721519	0.6067337729954877	1	-0.6358394473831577	0
2020	2	209	6A	124	10.08	138.16326530612247	128.50812407680945	0.7016742770167428	1	-0.043466723951315865	0
2020	2	209	6A	134	10.08	182.74111675126903	31.48148148148148	0.676341730558598	0		0
2020	2	209	6A	150	10.08	126.86733556298772	121.26537785588754	0.6313193588162762	1	-0.8474430054562898	0
2020	2	209	6A	168	10.08	151.80722891566265	22.22222222222222	0.6281362007168458	1	1.2461616772738253	0
2020	2	209	6B	16_20	6.28	138.16013628620104	23.42786683107275	0.5860366713681241	0		0
2020	2	209	6B	17_20	6.28	173.58490566037736	47.826086956521735	0.593558282208589	0		0
2020	2	209	6B	22	6.28	135.3135313531353	64.02439024390245	0.6619246861924687	0		0
2020	2	209	6C	110_20	13.459999999999999	151.02880658436214	70.84468664850137	0.7017184942716858	0		0
2020	2	209	6C	79	13.459999999999999	135.38011695906434		0.6627218934911243	1	0.517529646815306	0
2020	2	209	6C	82_20	13.459999999999999	146.06896551724137	31.1614730878187	0.6206174777603349	0		0
2020	2	209	6C	98	13.459999999999999	168.70824053452114	32.34323432343235	0.671303074670571	1	1.6192806520762637	0
2020	2	209	6D	57	16.66	129.83345401882693	43.50250976017848	0.6398017736045906	1	-0.515298280627196	0
2020	2	209	6D	73	16.66	121.7760180995475	87.78448676265675	0.6977777777777777	1		1
2020	2	209	6D	74	16.66	131.38121546961327	31.959629941126995	0.70122152525586	1		0
2020	2	209	6D	81	16.66	214.71962616822432	9.793253536452665	0.6953736654804271	1		0
