year	round	plotid	plant	VWC.plant	VWC.sm	photosynthesis	conductance	WUE	flowered	survived	RGR
2018	2018-07-03	1A	252		3.2	24.69761461	0.2622626579	94.879	0	1	
2018	2018-07-03	1B	670		1.82	13.97441087	0.22943107075	60.862	1	1	
2018	2018-07-03	1C	52		1.5	1.495981622	0.02212425666	67.617	0	0	
2018	2018-07-03	1D	19		1.5	10.34867598	0.1093725361	94.952	1	1	
2018	2018-07-03	2A	173		1.24	13.16435905	0.09644544122	69.592	0	0	
2018	2018-07-03	2C	267		0.42	13.71430571	0.09644544122	142.086	0	1	-1.250393082605977
2018	2018-07-03	3A	639		1.02	22.74241964	0.17182876685	132.263	0	0	
2018	2018-07-03	3B	616		1.14	18.70041379	0.2190708675	85.28	0	0	
2018	2018-07-03	3C	167		2.62	9.941803961	0.09584122594	104.908	1	1	
2018	2018-07-03	3D	869		1.9	14.22251101	0.08504147586	167.589	0	0	
2018	2018-07-03	4A	110		2.34	18.97279997	0.086967230435	218.126	0	1	2.1754139791142295
2018	2018-07-03	4B	168		1.56	2.312476817	0.02518931214	91.457	1	1	
2018	2018-07-03	4C	28		2.2800000000000002	5.472316071	0.039090483985	139.904	0	0	
2018	2018-07-03	5A	188		3.68	8.347366095	0.2259994539	37.705	0	0	
2018	2018-07-03	5B	299		2.18	19.43724431	0.12230319535	158.999	0	1	
2018	2018-07-03	5C	209		2.04	6.623549832	0.063122803515	106.718	1	1	-0.4211295309992491
2018	2018-07-03	5D	281		2.66	11.03906683	0.059135657905	188.801	0	1	0.5897696038356154
2018	2018-07-03	6A	134		2.44	4.388770189	0.019658388155	220.912	0	1	
2018	2018-07-03	6B	23		1.22	1.533387517	0.012429473295	128.972	1	1	0.36314014782852444
2018	2018-07-03	6C	105		2.34	15.10053835	0.069582362325	216.722	0	0	
2018	2018-07-06	1A	229		3.2	5.1953634165	0.078170913375	66.142	0	1	2.005387761811628
2018	2018-07-06	1B	684		1.82	3.7826763985	0.064220836305	59.444	1	1	
2018	2018-07-06	1C	46		1.5	4.1064495585	0.02611842324	159.012	0	1	1.728510621276518
2018	2018-07-06	2A	164		1.24	7.0579985815	0.07457474508	95.638	0	1	
2018	2018-07-06	2B	184		1.6	9.2784890345	0.092543307895	101.241	0	1	0.27316111697693873
2018	2018-07-06	2C	297		0.42	10.582960108	0.085540555135	125.943	0	0	
2018	2018-07-06	2D	194		2.18	16.26301	0.101939	159.5411	0	1	1.448050248287744
2018	2018-07-06	2D	211		2.18	5.474063631	0.032779	177.1315	1	1	
2018	2018-07-06	3A	657		1.02	17.19458841	0.36300100175	47.288	0	1	
2018	2018-07-06	3B	834		1.14	15.539836055	0.2030316729	76.503	0	1	1.8047597836896927
2018	2018-07-06	3C	146		2.62	21.514796395	0.13110427935	164.108	1	1	
2018	2018-07-06	3D	875		1.9	16.030599079999998	0.1232479329	130.097	0	1	
2018	2018-07-06	4A	111		2.34	10.5393979245	0.05763621321	183.098	0	1	
2018	2018-07-06	4C	630		2.2800000000000002	5.369388866	0.02550526848	209.504	0	1	0.33633390038269706
2018	2018-07-06	4D	51		2.2800000000000002	15.986302445	0.09073084239	140.357	0	1	-0.6910758887073051
2018	2018-07-06	5A	186		3.68	4.9606231985	0.052022925625	95.339	0	0	
2018	2018-07-06	5B	6		2.18	11.778999125	0.11016447265	107.711	1	1	
2018	2018-07-06	5C	218		2.04	19.08802833	0.16133254495	121.524	0	1	0.5925787504723605
2018	2018-07-06	5D	265		2.66	19.597748075	0.3462358948	56.612	0	0	
2018	2018-07-06	6A	136		2.44	18.40779199	0.1674481345	110.293	0	1	0.7613805450851422
2018	2018-07-06	6B	3		1.22	10.235375416	0.1357653165	75.386	1	1	-1.5310659854060824
2018	2018-07-06	6D	39		2.84	11.18062205	0.09073084239	123.065	1	1	1.9290144326120315
2018	2018-07-10	1A	250		11.24	23.960462065	0.47115313195	54.049	0	1	1.9809784125795098
2018	2018-07-10	1B	648		7.42	3.902457631	0.021412443775	181.85	1	1	
2018	2018-07-10	1C	67		4.98	6.2290055665	0.05400287707	116.263	0	1	
2018	2018-07-10	1D	7		7.0600000000000005	4.5912356965	0.037051149725	123.787	0	1	0.28852413232023255
2018	2018-07-10	2A	161		4.96	7.9133343125	0.1133732484	70.543	0	0	
2018	2018-07-10	2B	190		5.68	10.6479568	0.096324602325	111.97	0	1	0.8150322678191871
2018	2018-07-10	2C	298		3.18	3.0308507705	0.019447239035	156.425	1	1	-0.7067999427409006
2018	2018-07-10	2D	196		9.379999999999999	14.737901135	0.18681729445	79.05	0	0	
2018	2018-07-10	3A	637		4.08	15.29058842	0.1254499384	123.768	0	1	
2018	2018-07-10	3B	609		4.88	11.02279738	0.061374635965	181.914	0	0	
2018	2018-07-10	3C	150		7.34	16.64934871	0.369561338	45.72	1	1	
2018	2018-07-10	3D	875		4.88	15.64746514	0.11093664295	143.418	0	1	
2018	2018-07-10	4A	65		8.68	13.158664375	0.1157550888	112.946	0	1	2.5806438897388104
2018	2018-07-10	4B	190		4.8	11.06676291	0.05148460627	214.995	0	1	0.6400038255298649
2018	2018-07-10	4C	36		6.24	13.714602525	0.06220866498	221.68	1	1	-0.14241892800150308
2018	2018-07-10	4D	56		5.04	9.929425424	0.05413437441	183.534	0	1	-1.4733624134857854
2018	2018-07-10	5A	193		6.6	15.74733168	0.36858190975	43.844	1	1	1.8965022126554782
2018	2018-07-10	5B	20		4.22	20.067598285	0.1351529857	118.4	0	1	0.659574061542399
2018	2018-07-10	5C	217		2.64	10.2738073215	0.15564751945	67.262	1	1	0.9913083280275887
2018	2018-07-10	5D	278		5.1000000000000005	7.8205860785	0.066653145465	150.534	0	1	
2018	2018-07-10	6A	164		4.04	7.810738128	0.05521088863	142.239	0	1	-1.8102835407884412
2018	2018-07-10	6B	22		3.96	10.64572744	0.11441392145	93.613	0	1	-0.3843185639146894
2018	2018-07-10	6C	112		4.18	10.666365945	0.087006345875	123.228	0	0	
2018	2018-07-10	6D	50		7.68	16.980102795	0.19050328665	90.805	1	1	
2018	2018-07-13	1A	243		11.24	21.63269327	0.42484636425	51.249	0	1	0.3189586315691151
2018	2018-07-13	1B	654		7.42	13.330888075	0.098840842455	135.178	0	0	
2018	2018-07-13	1C	72		4.98	3.553621036	0.048898550615	74.21	1	1	
2018	2018-07-13	1D	32		7.0600000000000005	15.312999885	0.36458228495	42.034	0	0	
2018	2018-07-13	2A	160		4.96	7.7299874605	0.086450314565	89.485	0	1	-1.0153160216022534
2018	2018-07-13	2B	92		5.68	9.3708901375	0.044714245395	209.593	1	1	
2018	2018-07-13	2C	270		3.18	18.16618922	0.2259183857	80.99	0	1	
2018	2018-07-13	2D	193		9.379999999999999	22.695940315	0.4261215944	53.262	0	1	1.072964457207606
2018	2018-07-13	3A	126		4.08	17.65122506	0.22118853225	80.036	0	0	
2018	2018-07-13	3B	619		4.88	3.3985725305	0.099550239325	34.145	0	1	0.96846141691269
2018	2018-07-13	3C	165		7.34	22.699717895	0.40689355435	55.788	0	1	
2018	2018-07-13	3D	865		4.88	8.301322979	0.087678351515	94.662	0	1	-0.7636855063517171
2018	2018-07-13	4A	116		8.68	17.09878701	0.3943964151	43.094	0	1	2.6701234918701564
2018	2018-07-13	4B	161		4.8	16.998757675	0.1639104192	103.822	0	0	
2018	2018-07-13	4C	34		6.24	15.13290504	0.36714475355	41.636	0	1	-1.022332769360828
2018	2018-07-13	4D	48		5.04	27.04449356	0.33360616155	81.549	0	0	
2018	2018-07-13	5A	191		6.6	19.790180625	0.4538735664	43.923	0	1	-0.9994968310712149
2018	2018-07-13	5B	24		4.22	24.371102175	0.3475319911	72.997			
2018	2018-07-13	5C	223		2.64	10.2022556215	0.066903647895	153.593	0	1	
2018	2018-07-13	5D	253		5.1000000000000005	30.795327175	0.4543022698	68.223	1	1	1.9608989226055524
2018	2018-07-13	6A	153		4.04	19.3345867	0.24505891355	78.902	0	1	-1.0951619784139972
2018	2018-07-13	6B	2		3.96	18.943392625	0.13986069495	137.455	1	1	
2018	2018-07-13	6C	85		4.18	20.40316187	0.229917209	88.745	0	1	-0.44822989974712546
2018	2018-07-13	6D	56		7.68	35.1771938	0.82217841765	43.2	0	1	2.3544619070364043
2018	2018-07-17	1A	239		11.24	28.840378625	0.72988306435	39.669	1	1	3.0222667329893853
2018	2018-07-17	1B	650		7.42	22.269021065	0.39755320325	56.028	0	1	1.1896604014270415
2018	2018-07-17	1C	44		4.98	30.66044055	0.24190018465	127.293	0	0	
2018	2018-07-17	1D	1		7.0600000000000005	17.5261675	0.25434286435	68.882	0	0	
2018	2018-07-17	2A	158		4.96	34.252239005	0.24399387545	140.445	1	1	
2018	2018-07-17	2B	183		5.68	43.008247635	0.52599311125	81.868	0	1	-0.7721347594127757
2018	2018-07-17	2C	268		3.18	17.174618275	0.10310852459	166.823	1	1	0.5001681564967791
2018	2018-07-17	2D	197		9.379999999999999	28.519848845	0.3098600498	91.742	0	0	
2018	2018-07-17	3A	276		4.08	14.770359515	0.16143928085	91.497	1	1	-1.1442054155263297
2018	2018-07-17	3B	602		4.88	19.920410125	0.25618061895	28.219	0	1	
2018	2018-07-17	3C	151		7.34	29.79213688	0.3264093373	91.279	1	1	
2018	2018-07-17	3D	900		4.88	5.6310910785	0.19852547475000001	77.835	0	1	
2018	2018-07-17	4A	104		8.68	25.868824735	0.28846652	89.917	0	0	
2018	2018-07-17	4B	160		4.8	14.49103787	0.079865583985	183.398	0	0	
2018	2018-07-17	4C	107		6.24	29.296252055	0.3060424089	98.383	0	1	
2018	2018-07-17	4D	66		5.04	10.96364501	0.055055585915	199.041			
2018	2018-07-17	5A	200		6.6	29.253545125	0.5376332679	54.836	1	1	1.4489010956328607
2018	2018-07-17	5B	10		4.22	29.047502425	0.48373488335	60.253	0	1	
2018	2018-07-17	5C	214		2.64	14.33531075	0.099308353655	144.54	1	1	2.030812003697599
2018	2018-07-17	5D	241		5.1000000000000005	31.71393593	1.234723706	26.161	1	1	
2018	2018-07-17	6A	149		4.04	12.87273023	0.058288652115	220.841	0	1	
2018	2018-07-17	6B	29		3.96	25.3899031	0.1507552855	169.545	1	1	0.993837675597768
2018	2018-07-17	6C	100		4.18	21.706795525	0.20567975585	105.539	0	1	0.43409272518410463
2018	2018-07-17	6D	70		7.68	19.269140385	0.4289277469	45.02	1	1	3.2201124032219344
2018	2018-07-27	1B	667		4.7	6.1406542155	0.037976645615	162.126	0	0	
2018	2018-07-27	1C	57		2.6999999999999997	4.870760534	0.02337957661	206.799	0	1	-0.14005509365905114
2018	2018-07-27	1D	24		3.5	6.313014103	0.04818314976	130.428	0	1	
2018	2018-07-27	2A	167		3.2	11.74720639	0.084684736245	138.549	0	1	0.5296823541385841
2018	2018-07-27	2B	130		2.82	19.760319215	0.1135804021	173.801	1	1	
2018	2018-07-27	2C	272		2.5	6.300992523	0.033869293665	186.369	0	1	-0.628221960068524
2018	2018-07-27	2D	187		6.720000000000001	50.136275505	0.9092889684	55.335	0	1	0.4519577521737656
2018	2018-07-27	3A	647		2.52	22.768819215	0.1085792577	210.168	0	1	
2018	2018-07-27	3B	608		3.1999999999999997	23.18180722	0.182490595	127.133	0	1	1.0765915942747704
2018	2018-07-27	3C	153		5.36	17.654486115	0.13820242215	127.864	0	1	3.6197303096860223
2018	2018-07-27	4A	109		6.92	33.52866284	0.43676704245	80.374	0	1	3.3469987167759556
2018	2018-07-27	4B	180		1.82	2.766281507	0.028135634415	98.648	0	0	
2018	2018-07-27	4C	115		2.92	10.370119415	0.04808245485	216.181	1	1	0.2925392404690073
2018	2018-07-27	4D	47		2.08	18.040854415	0.14579183085	125.94	0	1	2.723147002713372
2018	2018-07-27	5A	174		4.64	15.46013548	0.101018280955	153.282	0	0	
2018	2018-07-27	5B	11		3.54	10.773739	0.04778945721	225.442	0	1	
2018	2018-07-27	5D	234		2.02	27.600112615	0.127818	216.026	1	1	
2018	2018-07-27	6B	5		3.96	5.104647862	0.0236024684	216.269	1	1	1.6130285090427061
2018	2018-07-27	6C	108		2.74	20.0303427	0.1793344501	111.665	1	1	
2018	2018-07-27	6D	60		6.02	17.301606325	0.42163758145	41.041	0	0	
2019	2019-08-08	1A	249	6.4	5.5	4.9446	0.28493	17.483	0	1	-0.1386893750433816
2019	2019-08-08	1B	660	6.2		18.9398	0.60936	31.081	0	1	
2019	2019-08-08	1C	55	3.7		27.0056	0.26286	103.027	0	1	
2019	2019-08-08	1D	16	3.6	3.3	13.9285	0.27227	51.174	0	1	0.7693751379470575
2019	2019-08-08	2A	95	4.3	3.92	15.2131	0.62564	24.443	0	1	-0.016778522391267186
2019	2019-08-08	2B	137	2.4	3.3	12.327	0.08239	149.575	0	1	
2019	2019-08-08	2C	296	1.9	3.2199999999999998	20.8571	0.40073	52.711	0	1	-1.5310768818411524
2019	2019-08-08	2D	220	18.3	5.52	17.845	0.56162	31.642	1	1	
2019	2019-08-08	3A	273	4.8	3.14	11.0452	0.299	36.881	1	1	
2019	2019-08-08	3B	838	1.9	3.1999999999999997	16.4918	0.5599	29.443	1	1	
2019	2019-08-08	3C	174	8.2	5.3	9.6236	0.50791	19.06	1	1	
2019	2019-08-08	3D	851	3.9	3.1	28.1374	0.86604	32.821	1	1	
2019	2019-08-08	4A	115	4.1	4.3	31.9524	0.76086	41.995	1	1	
2019	2019-08-08	4B	190	4.1	2.6	10.2341	0.40821	25.094	0	1	-0.5082579546538272
2019	2019-08-08	4C	195	5.2	3.96	7.4437	0.32843	22.684	1	1	
2019	2019-08-08	4D	37	3.1	1.98	16.35955	0.20986	101.697	1	1	
2019	2019-08-08	5A	191	15.7	5.58	35.5622	0.83874	42.399	1	1	
2019	2019-08-08	5B	289	5.9	3.8000000000000003	20.52	0.21819	94.431	1	1	
2019	2019-08-08	5D	244	2.8	1.92	36.451	0.91441	36.816	0	1	
2019	2019-08-08	6A	168	4.1	3.68	2.6887	0.12758	21.074	0	1	2.514467787275182
2019	2019-08-08	6B	9	3.1	1.8	25.4268	0.2981	86.999	0	1	-0.9990114731260421
2019	2019-08-08	6C	96	3.5	3.12	14.9084	0.5631	26.477	1	1	-0.8523762107598118
2019	2019-08-08	6D	45	6.4	4.4	15.6204	0.61469	25.556	1	1	
2019	2019-08-09	1A	243	9.1	5.5	16.8678	0.32198	52.387	1	1	
2019	2019-08-09	1B	658	9.4		48.3808	0.65578	73.769	1	1	
2019	2019-08-09	1C	75	11		81.2902		72.114	0	0	
2019	2019-08-09	1D	25	7	3.3	40.154	0.63479	63.255	0	0	
2019	2019-08-09	2A	176	10.4	3.92	33.6793	0.8579	39.257	0	1	
2019	2019-08-09	2B	189	7.4	3.3	45.8504	0.67457	67.97	1	1	
2019	2019-08-09	2C	271	5.2	3.2199999999999998	27.2569		21.813	1	1	
2019	2019-08-09	2D	194	12.5	5.52	24.097	0.42756	56.35	1	1	
2019	2019-08-09	3A	657	9.1	3.14	29.7081	0.53899	55.109	1	1	
2019	2019-08-09	3B	624	8.9	3.1999999999999997	12.4345	0.60421	20.442	0	0	
2019	2019-08-09	3C	129	13.3	5.3	92.9856		52.72	0	0	
2019	2019-08-09	3D	891	10.7	3.1	39.3031	0.86522	45.47	0	1	-0.2552796407656398
2019	2019-08-09	4A	116	8	4.3	1.5873	0.30511	5.192	1	1	
2019	2019-08-09	4B	214	3.7	2.6	38.7324	0.39714	97.528	0	1	0.0959243069891152
2019	2019-08-09	4C	30	4.7	3.96	25.8974	0.65609	40.222	0	0	
2019	2019-08-09	4D	28	3.1	1.98	17.9199	0.12555	142.69	0	1	-1.2325140876388774
2019	2019-08-09	5A	196	15.6	5.58	4.294	0.04528	94.769	1	1	
2019	2019-08-09	5B	7	4.1	3.8000000000000003	34.2516	0.84024	41.412	0	1	
2019	2019-08-09	5C	207	2.9	1.7	4.0073	0.119	33.628	1	1	
2019	2019-08-09	5D	281	5	1.92	10.4628	0.17101	61.187	0	1	-0.13800733392203696
2019	2019-08-09	6A	165	6.5	3.68	30.5157	0.42092	72.509	1	1	
2019	2019-08-09	6B	31	4.2	1.8	77.7857	0.66749	116.531	0	0	
2019	2019-08-09	6C	86	2.6	3.12	2.4546	0.03146	77.793	1	1	
2019	2019-08-09	6D	64	12.6	4.4	20.0057	0.66318	30.166	1	1	
2019	2019-08-12	1A	222		5.5	44.5513	0.27205	163.86	0	0	
2019	2019-08-12	1B	662	7.5		30.4781	0.38883	78.356	0	1	
2019	2019-08-12	1C	60	3.7		16.8459	0.42242	39.951	1	1	
2019	2019-08-12	1D	9	9.5	3.3	11.9578	0.26125	45.785	1	1	
2019	2019-08-12	2A	164	6.5	3.92	17.2109	0.34446	49.965	0	0	
2019	2019-08-12	2B	85	4.5	3.3	37.7484	0.45229	83.475	1	1	
2019	2019-08-12	2C	299	6.4	3.2199999999999998	3.9556	0.02029	194.765	0	0	
2019	2019-08-12	2D	219	15.2	5.52	12.2121	0.22567	54.14	1	1	
2019	2019-08-12	3B	621	10.4	3.1999999999999997	51.0227	0.90069	56.707	1	1	
2019	2019-08-12	3C	126	18.7	5.3	18.5304	0.54186	34.238	1	1	
2019	2019-08-12	3D	888	7.4	3.1	5.7275	0.07486	76.579	0	1	
2019	2019-08-12	4A	113	12.8	4.3	39.0743	0.37751	103.536	0	0	
2019	2019-08-12	4B	163	7.9	2.6	39.2123	0.49278	79.578	0	0	
2019	2019-08-12	4C	189	8.6	3.96	19.8476	0.50259	39.495	0	0	
2019	2019-08-12	4D	47	5.3	1.98	19.8248	0.48102	41.244	1	1	
2019	2019-08-12	5A	185	19.6	5.58	9.83425	0.17281	55.775	1	1	
2019	2019-08-12	5B	12	6	3.8000000000000003	11.3994	0.29349	38.844	1	1	
2019	2019-08-12	5C	218	10.5	1.7	11.8051	0.166865	119.972	0	0	
2019	2019-08-12	5D	275	5.4	1.92	17.5858	0.2601	69.663	1	1	
2019	2019-08-12	6A	169	9.7	3.68	46.6028	0.7807	59.697	1	1	
2019	2019-08-12	6B	22	5.8	1.8	26.9637	0.44213	61.001	0	1	-1.4484650538356316
2019	2019-08-12	6C	81	4.1	3.12	24.2359	0.21583	112.3	0	1	
2019	2019-08-12	6D	57	20.1	4.4	16.2571	0.46174	35.211	0	1	0.0807942816292801
2019	2019-08-13	1A	225	11.8	5.5	35.7307	0.21724	164.734	0	1	1.0138833080385496
2019	2019-08-13	1B	650	11.3		36.0322	0.74728000000000006	48.226	1	1	
2019	2019-08-13	1C	57	8.9		59.2348	0.7668	77.22	0	1	1.1895389727962615
2019	2019-08-13	1D	20	5.6	3.3	10.7936	0.26545	40.668	1	1	
2019	2019-08-13	2A	685	5.7	3.92	10.8629	0.18545	58.571	1	1	
2019	2019-08-13	2B	138	2.4	3.3	30.7336	0.50872	60.403	1	1	
2019	2019-08-13	2C	293	5.9	3.2199999999999998	11.1737	0.120675	103.212	1	1	
2019	2019-08-13	2D	210	12.8	5.52	61.2652	0.98886	59.878	1	1	
2019	2019-08-13	3A	129	5.9	3.14	21.3426	0.25688	83.078	0	1	
2019	2019-08-13	3B	838	7.6	3.1999999999999997	19.8704	0.47437	41.889	1	1	
2019	2019-08-13	3C	123	9.2	5.3	1.0754	0.19745	5.446	0	0	
2019	2019-08-13	3D	894	2.6	3.1	8.9729	0.37208	24.117	1	1	
2019	2019-08-13	4A	71	9.7	4.3	21.6074	0.37202	58.13	0	0	
2019	2019-08-13	4B	206	4.1	2.6	4.6526	0.10397	44.735	0	0	
2019	2019-08-13	4C	630	5.1	3.96	11.194	0.14451	77.535	0	1	-2.281810527917933
2019	2019-08-13	4D	49	4.8	1.98	65.2322		56.499	1	1	
2019	2019-08-13	5B	287	7.1	3.8000000000000003	16.1869	0.24368	66.426			
2019	2019-08-13	5D	250	7.8	1.92	59.5371	0.91226	65.267	1	1	
2019	2019-08-13	6A	150	5.1	3.68	20.2505	0.36754	55.095	0	1	0.6696678749897534
2019	2019-08-13	6C	113	8.6	3.12	17.191	0.51644	33.305	1	1	
2019	2019-08-13	6D	56	15.9	4.4	28.71875	0.589105	49.015	1	1	
2019	2019-08-14	1A	230	12.5	5.5	8.3685	0.17352	48.225	1	1	
2019	2019-08-14	1B	647	4.8		14.9433	0.28382	54.421	0	1	0.33848235147513195
2019	2019-08-14	1C	54	5.1		14.7287	0.2364	62.312	1	1	
2019	2019-08-14	1D	41	2.9	3.3	19.5075	0.24206	80.589	0	1	0.4901876411809281
2019	2019-08-14	2A	164	4.2	3.92	20.0338	0.35423	56.628	0	0	
2019	2019-08-14	2B	86	6.2	3.3	16.4671	0.18349	89.721	1	1	
2019	2019-08-14	2D	184	10.6	5.52	14.5762	0.17366	84.017	0	1	1.194020268016862
2019	2019-08-14	3A	655	5.9	3.14	7.3697	0.15971	46.146	0	0	
2019	2019-08-14	3A	658	0.9	3.14	8.6522	0.08932	96.793	0	1	
2019	2019-08-14	3B	619	6.7	3.1999999999999997	15.5774	0.21201	74.198	0	0	
2019	2019-08-14	3C	208	2.5	5.3	4.8259	0.0368	131.445			
2019	2019-08-14	3D	881	6.4	3.1	21.7995	0.41562	52.447	1	1	
2019	2019-08-14	4A	62	7.1	4.3	20.6475	0.15306	134.796	0	0	
2019	2019-08-14	4B	211	4.6	2.6	34.11	0.62149	54.91	1	1	
2019	2019-08-14	4C	106	3.2	3.96	11.753	0.1081	108.778	0	1	
2019	2019-08-14	5A	195	16	5.58	20.3371	0.37879	53.729	0	1	
2019	2019-08-14	5A	198	10.2	5.58	21.917	0.29101	75.323			
2019	2019-08-14	5B	296	3.2	3.8000000000000003	11.4643	0.08089	141.748	1	1	
2019	2019-08-14	5C	202	3.1	1.7	19.8256	0.15034	131.892	1	1	
2019	2019-08-14	5C	211	1.5	1.7	20.1798	0.1338	150.962	1	1	
2019	2019-08-14	5D	289	4.7	1.92	40.2926	0.55413	72.772	0	0	
2019	2019-08-14	6A	153	4	3.68	18.1302	0.43984	41.358	0	0	
2019	2019-08-14	6B	21	4.8	1.8	32.5233	0.27308	120.196	1	1	1.4185498925672277
2019	2019-08-14	6C	116	7	3.12	24.3967	0.39164	62.306	1	1	
2020	2020-07-22	2B	93	3.4	4.3	21.215445126320255	0.12207966554614659	174.0235	1	1	
2020	2020-07-22	3A	129	2.4	5.22	13.388227728065896	0.06618141242360741	202.2959	0	1	
2020	2020-07-22	3D	845	3.6	4.78	9.958549812277418	0.08655575075981606	114.9572	0	1	-0.7764124363132539
2020	2020-07-22	4A	74_20	8.8	5.32	20.411913177976373	0.16606667938432346	122.9656	0	0	
2020	2020-07-22	4B	213	1.1	3.82	3.139052393542548	0.04512019582392765	69.09228	0	1	0.9551323412644466
2020	2020-07-22	4C	33	0.9	3.68	28.227761565653896	0.13626226676106673	207.1692	0	1	0.6459141225623363
2020	2020-07-22	5A	195	6.1	5.38	11.921393920050388	0.09151169579362631	132.2344	0	1	
2020	2020-07-22	5B	10	2.5	3.84	1.5730579091368444	0.013162113120607829	120.7607	0	1	1.0134454580037227
2020	2020-07-22	5C	203	1.9	4.5600000000000005	12.557633123446953	0.05550534274257231	226.2419	0	1	-0.4885968271893471
2020	2020-07-22	5D	235	2.5	3.78	9.163414648600405	0.04024586314034557	227.6859	0	1	0.3260494737810291
2020	2020-07-22	6B	22	0.8	3.62	28.327149802204058	0.14059016834623672	201.5856	0	0	
2020	2020-07-22	6C	82_20	0.5	3.94	4.427840494514381	0.023756250701909464	186.3863	0	0	
2020	2020-07-22	6D	57	3.9	5.76	30.66235689569548	0.23090033737945836	132.7381	0	1	-0.515298280627196
2020	2020-07-23	1A	225	4.5	6.66	17.001065946622692	0.11445272965052901	148.5422	0	1	0.17286927415018852
2020	2020-07-23	1B	669	2.1	4.78	7.200238502553772	0.03425900958864801	210.1707	0	1	1.0450305236422914
2020	2020-07-23	1C	55	2.9	4.66	20.841648806032357	0.10816238666757508	192.76	0	1	0.04167791116057764
2020	2020-07-23	1D	13_20	3.5	4.18	7.159420919914893	0.03611542626742587	198.2372	0	0	
2020	2020-07-23	2A	176	3.2	4.26	22.079406803529434	0.2048941691949542	112.7523	0	1	0.19161510772025012
2020	2020-07-23	2B	131	3.1	4.3	16.049202948822206	0.10125390311074356	159.5301	0	1	1.213926297875296
2020	2020-07-23	2D	216_20	5.5	6.38	20.551559944711236	0.12450436921199493	165.2723	0	0	
2020	2020-07-23	3A	634	3.6	5.22	15.290124627708106	0.06431272824509512	237.7465	0	0	
2020	2020-07-23	3B	608	2.5	3.78	7.515677750773939	0.039575430135296276	189.9077	0	0	
2020	2020-07-23	3C	162	3	5.279999999999999	22.354310516803203	0.13242316666473794	178.8608	1	1	
2020	2020-07-23	3D	890	2	4.78	11.893811424635576	0.0849557428409286	140.1657	0	1	-0.020639091059499907
2020	2020-07-23	4A	79	3	5.32	12.636703852879984	0.05566499212854947	227.0135			
2020	2020-07-23	4B	190	2.1	3.82	1.8080110280015214	0.009362051092217176	193.1213	1	1	
2020	2020-07-23	4C	28_20	2.3	3.68	36.92273793521598	0.17530620148541876	210.4534	0	0	
2020	2020-07-23	5D	281	3.4	3.78	12.71980719359059	0.1363617082089653	93.29248	0	1	0.33401928072521025
2020	2020-07-23	6A	154	5.1	4.16	17.33474104385244	0.10180055253642815	172.0151	0	0	
2020	2020-07-23	6B	10	0.8	3.62	5.058163635114547	0.02602744940733212	194.3396	0	1	
2020	2020-07-23	6C	110_20	4.5	3.94	19.290942681702525	0.09209238864225869	212.5157	0	0	
2020	2020-07-29	1A	225	16.7	16.34	16.385419538745538	0.23854829134168964	68.65064	0	1	0.17286927415018852
2020	2020-07-29	1B	662	8.9	10.84	22.351348618458772	0.13352807871789288	167.369	0	1	
2020	2020-07-29	1C	76	5.1	12.04	19.934493229545886	0.14129312533072463	146.1053			
2020	2020-07-29	1D	16	5.2	7.54	16.876812316501113	0.08913640457748052	189.7351	0	1	-1.252604720487629
2020	2020-07-29	2A	176	9.5	10.36	42.48161079804585	0.41618905598838113	102.0779	0	1	0.19161510772025012
2020	2020-07-29	2B	137	7.2	11.68	19.730151167218523	0.12328374890484067	160.0692	0	1	-0.6981229919709052
2020	2020-07-29	2C	261	4.6	5.58	16.38409885834018	0.10559449310075213	155.1851	0	1	-3.0448727915882547
2020	2020-07-29	2D	184	10.3	16.66	37.706164833175436	0.29412052780372067	128.2337	1	1	
2020	2020-07-29	3A	650	3.8	6.68	12.055475491875313	0.059965571367709795	201.04	0	1	1.1398651194894585
2020	2020-07-29	3B	610	9.5	10.54	7.148750352094925	0.03613339054845979	196.9124	0	1	-1.1419187513640023
2020	2020-07-29	3C	162	12.2	12.959999999999999	11.855916315640956	0.1425729768825574	82.4988	1	1	
2020	2020-07-29	3D	888	5.8	10.76	25.017761812388404	0.6276627784469444	44.3933	1	1	
2020	2020-07-29	4A	60_20	10.4	14.9	19.75043317478933	0.1588806398509901	124.4382	0	0	
2020	2020-07-29	4B	214	5.6	9.02	10.821704694022195	0.10422341429486134	103.8315			
2020	2020-07-29	4C	106	7.1	10.66	32.643378136781536	0.2139406476738483	152.7304	1	1	
2020	2020-07-29	4D	35	3.6	6.42	15.684493796380188	0.10496136393236977	150.3826	0	0	
2020	2020-07-29	5B	18	6.5	11.04	22.294441933276666	0.16397004660136882	135.9782	0	0	
2020	2020-07-29	5C	203	5.6	8.9	13.578311671186007	0.07704037140759484	176.2493	0	1	-0.4885968271893471
2020	2020-07-29	5D	270_20	4.1	7.04	4.734996189910271	0.06357191726588893	74.5645	0	0	
2020	2020-07-29	6A	128	10.3	10.08	23.68153756235844	0.2149748236509979	110.1543	0	0	
2020	2020-07-29	6C	81	7.7	13.459999999999999	23.798811972157704	0.2039856335609191	116.2291	1	1	
2020	2020-07-30	1A	227	19.1	16.34	8.905929434933068	0.10822993178667051	82.14587	0	1	1.201618744017382
2020	2020-07-30	1B	647	5.6	10.84	10.007395216699866	0.05113845060719376	195.2922	0	1	0.22044795925087857
2020	2020-07-30	1C	49	11.8	12.04	7.727565974099538	0.03548292029076846	217.6594	1	1	
2020	2020-07-30	1D	4	4.8	7.54	2.384645297713502	0.014259788569888023	167.2287	0	1	
2020	2020-07-30	2A	99	4.2	10.36	5.854605818494097	0.08551580139052747	70.11512	0	1	1.3106457016600876
2020	2020-07-30	2C	296	5.1	5.58	15.49252152343527	0.06586508491307408	235.197	0	1	-0.8038227938018325
2020	2020-07-30	2D	195	13.2	16.66	25.851104016942298	0.20238794279843705	127.6534	0	1	-0.12525201132632813
2020	2020-07-30	3A	648	4.9	6.68	19.206612268078445	0.09562234101176553	199.9755	1	1	
2020	2020-07-30	3B	835	9.5	10.54	16.813168136739325	0.0862262713552727	194.9889	0	1	
2020	2020-07-30	3C	149	7.2	12.959999999999999	7.1978610308167426	0.0505123800096824	143.8246	1	1	
2020	2020-07-30	3D	865	5.5	10.76	8.568200154136356	0.09346466367112338	91.70917	0	1	-0.41517813641677803
2020	2020-07-30	4A	92	8.9	14.9	8.722849656387549	0.1472408773088304	59.30696	0	1	-0.09037693562812306
2020	2020-07-30	4B	190	6.4	9.02	18.80536530343116	0.0886904501811586	212.0235	1	1	
2020	2020-07-30	4C	190	14.9	10.66	17.145700470317664	0.1828468725126315	93.78832	1	1	
2020	2020-07-30	4D	30	1.6	6.42	23.905066687377477	0.10908876046981525	219.1341	0	0	
2020	2020-07-30	5B	9	6.4	11.04	19.81816895353154	0.1282684359779688	154.5034			
2020	2020-07-30	5C	223	4.6	8.9	5.13912984186141	0.03289033987599809	156.2504	1	1	
2020	2020-07-30	5D	285	7.2	7.04	12.242150622645946	0.07134725566692873	171.5177	0	1	-0.6358394473831577
2020	2020-07-30	6A	126	4.8	10.08	15.625044351360513	0.10629213536297819	145.5444	0	0	
2020	2020-07-30	6C	79	6.1	13.459999999999999	11.60951772644001	0.08383004770808172	138.1878	0	1	0.517529646815306
2020	2020-07-31	1A	249	10.6	9.36	7.728192431554724	0.07995916294222534	96.65174	0	1	0.8521159671557865
2020	2020-07-31	1B	684	4.4	4.88	8.545520649395101	0.057758676886987825	148.2371	1	1	
2020	2020-07-31	1C	56	6.6	5.24	33.27445570685562	0.16564190008885266	200.8636			
2020	2020-07-31	1D	11	3.4	4.02	9.690654400711995	0.04932979245684929	196.0152	1	1	
2020	2020-07-31	4D	28	5.1	3.28	28.097999048767363	0.1353637692418172	207.6153	0	1	0.7098773422084116
2020	2020-07-31	6A	169	6.7	3.84	17.868927465542974	0.08656275828596721	206.448	0	1	
